Post ID,Author Name,Likes,Comments,Post Title,Caption,Date Published,Images,Author Avatar,Stars,Author Collect Nr,Author Fans Nr,Author Note Nr,Video URL,Note URL
678a28b50000000017003474,皇家宠物食品,21,共 14 条评论,新春喵宴！宠物年夜饭🐱皇包了,新春来临，阿皇给毛孩子送年夜饭🎁 干粮吃腻了？马上呈上湿粮餐包🍚 小香包和小鲜包香味四溢，饭张力拉满了 蛇年阿皇给你一只“不挑食的小猫” 	 【拍1发 3】喵宴现在开席！ 🎁活动细则 小红书店铺拍湿粮餐包正装1份，赠试吃2包 参与好评活动，再加送正装1份 📕参与方式 1️⃣在小红书购买@皇家宠物食品 店铺商品 2️⃣发布图文好评：3张图＋15字文字评论 3️⃣并发布图文试吃笔记：3张图＋100字好评，好吃爱吃多吃！ 4️⃣加入主页“皇家粉丝”，截图参与凭证，领取正装赠品 	 🧧蛇年第一份好礼，就得送到猫猫心趴上 限时活动，赶快行动起来，让ta吃上幸福年夜饭。 更多福利活动可进群蹲哦 #皇家宠物#宠粉福利#宠物过大年#和猫咪一起过年#宠粉#新年礼物,编辑于 5 天前 江苏,images_user/678a28b50000000017003474.jpg,avatars_user/678a28b50000000017003474.jpg,赞,8.5万,2.2万,21,N/A,/user/profile/5c03825e000000000500e9ce/678a28b50000000017003474?xsec_token=ABwlwOHcyYaxu0zLZH-coFY6yWQE55f_j3j4MHj6O0pcw=&xsec_source=pc_user
6792206c0000000029034b18,皇家宠物食品,241,0,📒体验官招募｜幼猫幼犬，就吃皇家❗️,“新手养宠如何养出健康小猫小狗？” 相信是很多铲屎官面临的难题🤯 毕竟打好身体基础真的重要！ - 宠物接回家最容易碰到的问题就是 👉免疫力低下/营养不均衡/瘦小/肠胃脆弱... 这时候就需要选择一款营养和适口性兼得的粮 没错！新年之际阿皇带着幼猫幼犬粮来啦！ 全网好评无数，安心无平替~💖 帮助宠物提高营养和保护力，同时促进生长！ - 爱吃的毛孩子们举爪🐾 🏮参与方式 关注@皇家宠物食品 ，点赞并收藏本此笔记 评论区留下 ta们的姓名照片， 阿皇将抓取5️⃣0️⃣位幸运小猫小狗🐱🐶 	 ✍️招募要求 1、收到全价粮一周内发布真实的试吃笔记 2、笔记至少保留三个月，且必须公开 3、图文可授权官方使用 🕒招募时间 1月23日-2月4日 赶紧踊跃报名吧~ 	 更多福利活动可进群蹲哦 #皇家 #皇家宠物 #皇家体验官 #招募体验官 #皇家猫粮 #绝育粮 #皇家绝绝紫 #猫咪绝育 #我的萌宠 #宠粉福利,编辑于 5 天前 江苏,images_user/6792206c0000000029034b18.jpg,avatars_user/6792206c0000000029034b18.jpg,241,8.5万,2.2万,21,N/A,/user/profile/5c03825e000000000500e9ce/6792206c0000000029034b18?xsec_token=ABPWKgoyjjjSAr4kMyh-T8oLWRqqsLeD-4E7Kt6JMfyDY=&xsec_source=pc_user
67ab22a5000000002901451f,皇家宠物食品,12,共 10 条评论,2.14不止撒糖，还要给主子撒福利！,铲屎官紧急集合 🐾 2月14日不止是情人节，更是【皇家宠爱日】👑 下午4点-6点，锁定直播间，和毛孩子一起撒糖告白，甜蜜加倍💕 🎁 超多玩法，宠粉不停 玩法1：3位免单，随机抽 关注并加入粉丝群，直播间下单确认收货后随赠同款 玩法2：甜蜜告白，赢好礼 分享你对毛孩子的甜蜜告白 阿皇随机抽取5名幸运粉丝，送上奶糕罐头 玩法3：福袋狂撒，送不停 开播即上福袋 点赞1万、3万、5万，福袋不停送！ ⏰ 直播时间：2月14日 下午4点 快来和毛孩子一起过个甜蜜情人节吧！🐱🐶 记得提前关注+入群，福利活动抢先拿！💖 #皇家宠爱日 #毛孩子甜蜜告白 #宠物直播 #情人节特辑 #铲屎官必看,今天 05:12 江苏,images_user/67ab22a5000000002901451f.jpg,avatars_user/67ab22a5000000002901451f.jpg,赞,8.5万,2.2万,21,N/A,/user/profile/5c03825e000000000500e9ce/67ab22a5000000002901451f?xsec_token=ABPXglgBKDfWs-jT5VeJqdpfhDN8senjitB4xGO4BLo40=&xsec_source=pc_user
67a72569000000002903dbee,皇家宠物食品,36,0,复工精神状态良好...只是想体验猫生🐱,阿皇复工后的精神状态be like： 身体在工位，灵魂还在床上 眼睛盯着屏幕，脑子已经飞到周末 咖啡一杯接一杯，还是困到怀疑人生 😴 而你家猫主子的日程表满满当当📅 8:00目送铲屎官出门，开始拆家计划 12:00 准时干饭，顺便嫌弃猫粮不够吃 15:00 睡个美容觉，梦里追小鸟🐦 18:00 蹲门口等铲屎官回家，假装很想他 22:00 夜生活开始，跑酷+蹦迪+喵喵演唱会🎤 🐾 你家主子今天在家干嘛了？ 评论区晒出你家猫主子的“打工”日常 来领阿皇准备的开工小礼物 🙋加入粉丝群，更多福利先知道！ #皇家宠物#复工后的精神状态 #上班综合征#猫咪的快乐生活 #铲屎官不在家 #云吸猫,编辑于 昨天 01:18 江苏,images_user/67a72569000000002903dbee.jpg,avatars_user/67a72569000000002903dbee.jpg,36,8.5万,2.2万,21,N/A,/user/profile/5c03825e000000000500e9ce/67a72569000000002903dbee?xsec_token=AB_ChFrFAq_SjYtospOPlBJ8pFeIKeKcUR6Swh9zmKBrs=&xsec_source=pc_user
6792fa6a000000002900d1a9,皇家宠物食品,40,共 69 条评论,大年初一|阿皇来给您拜年啦！,新年新岁，万象更新 走街串巷都会迎来那一句：新年快乐！ 阿皇也在这里祝毛孩子和铲屎官们蛇年大吉 愿大家所想皆所得 岁岁长喜乐，万事皆顺意！ - 除了祝福之外 拜年必不可少的当然是礼物啦！ 不知不觉间与毛孩子们开启的羁绊 在点点滴滴的幸福、陪伴中 又在岁月的年轮上留下了一圈 它虽不会言语，却以全身心的爱 温暖了我们的岁岁年年~ - 给阿皇看看宠物们的温馨春节日常 如：带宠物回家的趣事/宠物回乡爆改... 晒一晒有机会获得惊喜试吃好礼哦~ 更多福利活动可进群蹲哦 	 #大年初一 #皇家 #皇家宠物 #宠物也要过春节 #宠物过大年 #粉丝福利#皇家猫粮 #宠物回乡爆改 #大家的春晚,编辑于 5 天前 江苏,images_user/6792fa6a000000002900d1a9.jpg,avatars_user/6792fa6a000000002900d1a9.jpg,赞,8.5万,2.2万,21,N/A,/user/profile/5c03825e000000000500e9ce/6792fa6a000000002900d1a9?xsec_token=ABPWKgoyjjjSAr4kMyh-T8oJQ3Ds2kY1uMalHxyBmQr-w=&xsec_source=pc_user
6792f9d5000000002a00ce51,皇家宠物食品,10,共 19 条评论,春节不打烊，一起云寄养🐱🐕,明天就是新年啦🧨 阿皇祝铲屎官们蛇年大吉、福运绵长！ 大家是不是都要回家过年了 上上期讨论了宠物该怎么过年： “带回家/寄养/留守”？ 	 选择留守的毛孩子们 可以来评论区，一起【云寄养】 互相照看毛孩子们： ✅饮食饮水 一天能吃几顿皇家？有没有足够的粮食和水？ ✅如厕问题 有没有上厕所，记得一定要多准备几个盆/尿垫 ✅身体情况 心情好不好、有没有生病 ...... 在外过年的铲屎官们，也别忘了毛孩子们 放到阿皇的评论区，大家互相帮忙照看 快来一起“云寄养” 更多福利活动可进群蹲哦 	 #皇家宠物#宠物过年#宠物寄养#新手养猫#春节留守#养宠攻略#宠物也要过春节 #春节留守宠物 #宠物年夜饭 #宠物来拜年,编辑于 5 天前 江苏,images_user/6792f9d5000000002a00ce51.jpg,avatars_user/6792f9d5000000002a00ce51.jpg,赞,8.5万,2.2万,21,N/A,/user/profile/5c03825e000000000500e9ce/6792f9d5000000002a00ce51?xsec_token=ABPWKgoyjjjSAr4kMyh-T8oMuwQKLBeYHCvOOJDNr56R8=&xsec_source=pc_user
67936d94000000002902884a,皇家宠物食品,6,共 3 条评论,✋老师儿，别划走❗️济南的猫猫狗狗吃什么❓,方言街头采访第四集！ 阿皇上个月去济南和猫德学院做领养活动的时候 顺便用济南话也采访了一下济南的宠主们 北方可冷了，看看他们会有哪些宠物的健康困扰呢？ #皇家猫粮 #皇家 #皇家狗粮 #街头采访 #精准营养长久陪伴 #济南,01-24 江苏,images_user/67936d94000000002902884a.jpg,avatars_user/67936d94000000002902884a.jpg,赞,8.5万,2.2万,21,blob:https://www.xiaohongshu.com/3010cb4b-abc2-4bf5-b4a6-9e269ddffcc3,/user/profile/5c03825e000000000500e9ce/67936d94000000002902884a?xsec_token=ABCpd8iO5AHdCTYtwOtLHfeO5GrJKKHSEj9AH8mR-LoZs=&xsec_source=pc_user
6791e51000000000280350a1,皇家宠物食品,15,共 2 条评论,📍上海街头的老外都给宠物吃什么？,方言街头采访第三集！最近cattax也太火了，阿皇深深感受到世界人民大团结，突发奇想走上魔都街头采访歪果仁，一起来看看老外都给宠物吃什么粮？#皇家 #皇家猫粮 #街头采访 #皇家狗粮 #外国人,01-23 江苏,images_user/6791e51000000000280350a1.jpg,avatars_user/6791e51000000000280350a1.jpg,赞,8.5万,2.2万,21,blob:https://www.xiaohongshu.com/a2167424-3bd7-4700-8ec4-af1c5e7f653a,/user/profile/5c03825e000000000500e9ce/6791e51000000000280350a1?xsec_token=AByUaMc60Wjy537knGAw8QHu73wqueCImJEyIaUtueRbw=&xsec_source=pc_user
678f5cbf0000000029008b82,皇家宠物食品,15,共 10 条评论,阿皇送福利！宠物过大年！,上期阿皇与大家讨论了春节期间家里的毛孩子该如何照顾的问题， 发现还是有相当一些小伙伴会让毛孩子留守在家。 为了解决留守毛孩子的看护问题， 🎁 阿皇给大家送福利啦~ 即日起，通过美团外卖的北京区域宠本本门店下单皇家指定套餐， 即可赠送一次春节期间 小布在家免费上门喂养服务 套餐内既有美味的干粮，又搭配了营养丰富的主食级湿粮， 毛孩子也能吃上美味的年夜饭大餐哟~ 	 🙋本次活动数量有限，先到先得~ 有需求的小伙伴马上行动起来，美团外卖下单，皇家宠粮最快半小时送到家~ #皇家宠物#宠物年夜饭 #宠物也要过春节 #宠物过大年 #粉丝福利 #宠物喂养,编辑于 今天 02:57 江苏,images_user/678f5cbf0000000029008b82.jpg,avatars_user/678f5cbf0000000029008b82.jpg,赞,8.5万,2.2万,21,N/A,/user/profile/5c03825e000000000500e9ce/678f5cbf0000000029008b82?xsec_token=ABo6Q-oPrL4uT9BaAmaqfjJYKbc1rz8yGxw67H6JIKxXg=&xsec_source=pc_user
678a2ff6000000001901b6ec,皇家宠物食品,13,共 20 条评论,春节回家，猫猫狗狗怎么办？,过年临近，对于有些小伙伴来说 🐱🐶宠物成了“幸福的难题” 特别是租房党和要回老家的 阿皇看到好多小伙伴 都在讨论：宠物该怎么办呢❓ - 总结一下大家的讨论👇 一般分为：带回家/寄养/留守三个选择 带回家能够与家人一起共度幸福时光 但对于距离远的铲屎官来说 着实是有些不太方便...😭 - 阿皇罗列了三种方式各自的注意事项⚠️ 📝并将此笔记作为互助帖供大家讨论 有经验的小伙伴可以评论区留言 帮助新手小白开心过大年~🎉 阿皇会不定时出现给乖乖的猫猫狗狗撒粮！ 更多福利活动可进群蹲哦 	 #皇家 #皇家宠物 #春节宠物怎么办 #春节宠物留守攻略 #我的萌宠 #过年宠物,编辑于 5 天前 江苏,images_user/678a2ff6000000001901b6ec.jpg,avatars_user/678a2ff6000000001901b6ec.jpg,赞,8.5万,2.2万,21,N/A,/user/profile/5c03825e000000000500e9ce/678a2ff6000000001901b6ec?xsec_token=ABwlwOHcyYaxu0zLZH-coFY8LfTbS-YSWBfowz7U4t_8M=&xsec_source=pc_user
67874af50000000019006f5f,皇家宠物食品,75,共 106 条评论,"Hi, new friends!Anyone know Royal Canin",Welcome!We dont need your data! Just pay your pet tax! #tiktok难民 #refugee #ttrefugee #cattax #royalcanin #交出你的cat tax,01-15 上海,images_user/67874af50000000019006f5f.jpg,avatars_user/67874af50000000019006f5f.jpg,6,8.5万,2.2万,21,N/A,/user/profile/5c03825e000000000500e9ce/67874af50000000019006f5f?xsec_token=ABKQuf5V7J5irdjcfT7ER7Wov30RrPeSTnS8uRrdTgSq8=&xsec_source=pc_user
6787142b000000001603e621,皇家宠物食品,13,共 26 条评论,冬天就不用驱虫了？到底是谁说的......,"很多铲屎官冬天就不重视给毛孩子驱虫了，因为他们觉得： 虫子会被冻死、不出门就不会感染寄生虫…. 但你知道吗？ 在秋冬很多高发疾病都是因为寄生虫引起的，比如： 呕吐、肛门腺发炎、皮肤病...... 	 ✅其实气温是不会影响寄生虫的繁殖 严寒的环境下，螨虫、耳螨等寄生虫不会影响生存； 跳蚤、蜱虫、蚊虫等寄生虫的活跃度会大大降低， 但它们会寻找温暖的生存环境，猫猫狗狗就成了它们寄生的最好选择！ ✅而且寄生虫的感染渠道是有很多的 即使冬天不带小猫小狗出门，铲屎官平时的外出也会携带寄生虫；极易会让毛孩子感染上。 所以,不论什么季节，驱虫都是不容忽视的。 	 🙋 评论区带上你家驱完虫的毛孩子 互相交流分享下驱虫经验或遇到的问题 认真分享的铲屎官将会得到阿皇的奖励🎁 #皇家宠物#皇家茶话会#冬季驱虫#猫咪驱虫#狗驱虫#养宠经验#新手养猫#宠物驱虫 #宠物知识",01-14 江苏,images_user/6787142b000000001603e621.jpg,avatars_user/6787142b000000001603e621.jpg,2,8.5万,2.2万,21,N/A,/user/profile/5c03825e000000000500e9ce/6787142b000000001603e621?xsec_token=ABKQuf5V7J5irdjcfT7ER7WsZCft5YbnFlQgCl1UFtsX4=&xsec_source=pc_user
677f9560000000000b038b88,皇家宠物食品,161,共 238 条评论,湿粮体验官|挑食🐱交给湿粮餐包！,湿粮餐包限时回归！ 上次挑嘴猫报名不要太火爆了 皇给你们kuku加库存 o元直接让挑嘴小猫秒变大馋猫 - 🐾两款鲜美多汁的餐包，任咪选择！ 【小香包】 鱼香、肉香、果香、坚果香，四重天然香味 黄金供能配比蛋白≥11.4% 一撕开，浓郁的肉香就能把小猫迷的神魂颠倒 【小鲜包】 鲜美的天然烤肉焦香，口感鲜美 黄金供能配比蛋白≥11.5% 	 📍参与方式： 关注@皇家宠物食品  点赞并收藏 评论区留下你家猫猫的挑嘴烦恼并晒出图片 🔍招募要求： 收到产品一周内发布真实的试吃体验笔记 笔记至少保留三个月，且必须公开图文可授权官方使用 ⏰招募时间： 1月9日-1月19日 更多福利活动可进群蹲哦 #皇家宠物#皇家湿粮#皇家餐包#皇家感官盛宴#猫咪湿粮 #小猫咪的呵护 #猫粮试吃 #产品体验官,编辑于 5 天前 江苏,images_user/677f9560000000000b038b88.jpg,avatars_user/677f9560000000000b038b88.jpg,2,8.5万,2.2万,21,N/A,/user/profile/5c03825e000000000500e9ce/677f9560000000000b038b88?xsec_token=AB8mOi6vF3BBTEgHscQppABDxFpR87DYq1cpgaripSRYQ=&xsec_source=pc_user
6777b89a000000000902fcff,皇家宠物食品,15,共 24 条评论,自如生活，愈宠有家🏠✨,自如生活节x京东健康x皇家处方粮，邀你一起给你和爱宠的自如生活，注入更多健康与关爱，拥抱人宠和谐共居的自如生活🌈💕 	 💌🐾 在评论区分享【你和毛孩子在“自如”里的温暖故事】，1月7日，我们将抽取1位幸运铲屎官，赠送超自如家服卡一张，让爱宠生活更加自如惬意！🌟 #宠物友好生活节 #皇家处方粮 #精准营养长久陪伴,编辑于 01-03,images_user/6777b89a000000000902fcff.jpg,avatars_user/6777b89a000000000902fcff.jpg,赞,8.5万,2.2万,21,N/A,/user/profile/5c03825e000000000500e9ce/6777b89a000000000902fcff?xsec_token=ABbxWPNqG1aTmbr8comT5nt9-huQ3-nfwzRm3bMtn5IBs=&xsec_source=pc_user
67775dee000000001301be86,皇家宠物食品,31,共 8 条评论,只要爱在，流浪不再 ｜ 暖冬物资❄️已送达20家,感谢来自全国各地“心软的神”的爱心投递，本次最美小院活动圆满结束！ 大家为20家救助小院共同点亮了4万颗❤️ 阿皇为3000+流浪毛孩们送去了1.3吨皇家救助专用粮与驱虫药等暖冬物资☺️ 毛孩子干饭视频请查收💌 #助力最美救助小院 #皇家最美小院 #皇家宠物 #皇家救助倡行者 #皇家救助专用粮 #流浪猫 #流浪犬 #领养代替购买 #只要爱在流浪不再,01-02,images_user/67775dee000000001301be86.jpg,avatars_user/67775dee000000001301be86.jpg,2,8.5万,2.2万,21,blob:https://www.xiaohongshu.com/d22d2fd9-8945-48c4-9375-e2ab82c53aee,/user/profile/5c03825e000000000500e9ce/67775dee000000001301be86?xsec_token=ABbxWPNqG1aTmbr8comT5nt7lGq_Iv12XW2gANcgYV8nM=&xsec_source=pc_user
6773bc94000000001300f133,皇家宠物食品,49,共 81 条评论,喜迎元旦，和阿皇一起展望2025！🎉,前方到站——2025年！ 转眼就是新的一年啦~ 感谢大家陪伴阿皇又度过了一年🫶 - 去年的你是否有许下 一些关于毛孩子的愿望🐱🐶 是想要拥有一只自己的猫猫/狗狗？ 还是要和ta一起去看更多山河湖海？ 亦或是对它们送出自己真诚的祝愿... 🔺回顾2024，这些期望都实现了吗？ 今年又有什么新的展望 可以跟阿皇分享一下呢~ - 晒出你家毛孩子的2025新年大片📸 并写下新年展望✍️ 阿皇将不定期给可爱毛孩子撒粮~ #皇家 #皇家猫粮 #我的猫猫狗狗 #元旦节 #2025 #宠粉福利 #新年展望,2024-12-31,images_user/6773bc94000000001300f133.jpg,avatars_user/6773bc94000000001300f133.jpg,2,8.5万,2.2万,21,N/A,/user/profile/5c03825e000000000500e9ce/6773bc94000000001300f133?xsec_token=AB0APLM-S1BqClaKVJPBVyMb6M4Lemp0uquEUGJQWymiQ=&xsec_source=pc_user
67740a1700000000140265e9,皇家宠物食品,102,共 15 条评论,阿皇x猫德学院强强联手，济南领养活动暖心记录来了！感谢著名流浪猫“绑匪”对本活动,阿皇x猫德学院强强联手，济南领养活动暖心记录来了！感谢著名流浪猫“绑匪”对本活动的大力支持…#幼猫幼犬就吃皇家#猫德学院#皇家宠世间#跨年,2024-12-31,images_user/67740a1700000000140265e9.jpg,avatars_user/67740a1700000000140265e9.jpg,2,8.5万,2.2万,21,blob:https://www.xiaohongshu.com/e6d0d840-fcf9-4fdd-bf7d-ebfa5c2bf364,/user/profile/5c03825e000000000500e9ce/67740a1700000000140265e9?xsec_token=ABBWYe5rZs5OnBn_SX0b8sjRhCOCrxYblORrn4IxTG0M0=&xsec_source=pc_user
67736c08000000000902dcfd,皇家宠物食品,888,共 575 条评论,即将破2w！助力送粉丝专属盲盒！,感谢2024年陪伴阿皇的所有粉丝们~ 传下去，新年即将达成✅『粉丝破2w』成就！ 关注皇，有的是福利！福利！福利！ - 为答谢双向奔赴的我们 阿皇抽取5位幸运鹅，将获得【粉丝惊喜盲盒】一份！ 📖参与方式： 关注并点击图片下方立即参与即可 ⌚️活动时间： 12月31日-1月19日 ⏰开奖时间： 1月20日15：00 ⚠️特别提醒： 系统自动开奖哦，开奖后请于7天内提供收货信息 ，逾期将视为主打放弃哦~ （所有抽奖奖品最终解释权归皇家宠物食品所有） #皇家宠物 #皇家猫粮 ##盲盒 #宠粉福利#抽奖活动 #破两万粉丝 #抽奖 #你敢来我就敢送 #宠粉不被定义 #养宠物必备好物,2024-12-30,images_user/67736c08000000000902dcfd.jpg,avatars_user/67736c08000000000902dcfd.jpg,2,8.5万,2.2万,21,N/A,/user/profile/5c03825e000000000500e9ce/67736c08000000000902dcfd?xsec_token=AB0APLM-S1BqClaKVJPBVyMZ5A_4M9WevFsuYUhxe4oJM=&xsec_source=pc_user
676cd4f1000000001301b94a,皇家宠物食品,499,共 767 条评论,湿粮体验官|🐱猫咪挑食怎么办❓阿皇来支招！,别人的猫：吃嘛嘛香 干饭第一名 挑食小猫：只吃冻干 闻闻就走开 以为是生病了 但是检查发现哪哪都没问题😔 可能就是咱们的毛孩子太挑食啦‼️ - 所以今天 阿皇带着全网无数好评的湿粮餐包 🙌又来招募体验官啦！ 适当增加食物的多样性 有利于改善猫咪的食欲 特别是在❄️冬日，营养不均衡 免疫力下降会更严重！ - 家有挑嘴猫的速速下方集合👇 皇将抓取20位猫猫体验小香包和小鲜包 每一口都是黄金配比 感官盛宴！ 	 📍参与方式： 关注@皇家宠物食品  点赞并收藏 评论区留下你家猫猫的挑嘴烦恼并晒出图片 	 🔍招募要求： 收到产品一周内发布真实的试吃体验笔记 笔记至少保留三个月，且必须公开图文可授权官方使用 	 ⏰招募时间： 12月26日-1月3日 #皇家宠物 #皇家湿粮 #皇家餐包 #皇家感官盛宴 #皇家小鲜包 #精准营养长久陪伴 #猫咪喂养 #养猫攻略 #猫咪挑食 #皇家猫粮,编辑于 2024-12-26,images_user/676cd4f1000000001301b94a.jpg,avatars_user/676cd4f1000000001301b94a.jpg,2,8.5万,2.2万,21,N/A,/user/profile/5c03825e000000000500e9ce/676cd4f1000000001301b94a?xsec_token=ABZQgwv4JJivwW4tvvnWtSESvD3eivnYtAi3YyD57uxhk=&xsec_source=pc_user
676be337000000000902e705,皇家宠物食品,186,共 362 条评论,圣诞节？皇家许愿树掉好礼啦🎁,毛孩子也要和你一起过圣诞！ Ta们也想有自己的圣诞礼物哦 皇来cos圣诞老人🎅 给小猫小狗派送好礼啦 👇 参与方式：关注即可参与本次活动 活动时间：2024年12月25日-2025年1月17日 开奖时间：2025年1月18日 活动奖品：惊喜圣诞盲盒 	 有没有在线一起过圣诞的 喵喵汪汪在线等... （ps：本抽奖活动只限粉丝哦） #皇家宠物#圣诞萌宠已就位#我的萌宠##咪树#圣诞福利#宠粉福利#我家宠物好可爱#圣诞节,编辑于 2024-12-25,images_user/676be337000000000902e705.jpg,avatars_user/676be337000000000902e705.jpg,3,8.5万,2.2万,21,N/A,/user/profile/5c03825e000000000500e9ce/676be337000000000902e705?xsec_token=ABkV4ulKQouX9v43FYZWCRp4cAMtE2ihRf4GHIqYWsUms=&xsec_source=pc_user
676bacb1000000001402505a,皇家宠物食品,172,共 12 条评论,精致上海养宠物有啥考究？,方言街头采访第一集！阿皇和他的朋友们来到周末市集，发现很多上海精致的阿姨爷叔囡囡宠主都是“成分党” 	 那么， ❓配料表究竟该怎么看？ ❓蛋白质含量真的是主要的选粮标准？ ❓阿皇的上海话标准吗？ 	 一起来看看专家是咋说的👀还有什么问题评论区戳阿皇‼️ #宠物健康生活 #小红书养宠干货 #皇家 #皇家宠物 #街头采访 #猫猫狗狗,编辑于 2024-12-25,images_user/676bacb1000000001402505a.jpg,avatars_user/676bacb1000000001402505a.jpg,3,8.5万,2.2万,21,blob:https://www.xiaohongshu.com/e50f12b5-055d-4c30-9aa8-b150d5e99c9d,/user/profile/5c03825e000000000500e9ce/676bacb1000000001402505a?xsec_token=ABkV4ulKQouX9v43FYZWCRp3rJ54eb11YBwLiCuW81Fho=&xsec_source=pc_user
6766293c000000000902ec2f,皇家宠物食品,32,共 8 条评论,领养代替购买 让爱在冬天里盛开,毛孩子们不是待价出售的商品， 更不是无限的繁育机器； ta们有自己的喜怒哀乐、独特的性格， 和人类一样有家人和朋友； 喜欢ta们很简单， 但养好却需要更多你们更多的爱。 	 用领养代替购买更是一种爱护ta们的方式 减少因繁殖买卖受到的身心伤害。 	 希望想成为铲屎官的你们， 会用爱代替买卖，用责任代替弃养 确保自己能够承担这个生命。 	 #皇家宠物#皇家猫粮 #让领养代替购买 #领养取代买卖 #给毛孩子找家 #领养代替购买让爱终止流浪 #求领养求带走 #猫咪领养 #宠物领养,编辑于 2024-12-20,images_user/6766293c000000000902ec2f.jpg,avatars_user/6766293c000000000902ec2f.jpg,赞,8.5万,2.2万,21,N/A,/user/profile/5c03825e000000000500e9ce/6766293c000000000902ec2f?xsec_token=AB1Y4Ckaq3uVlQhiT8GF3N1HI_1eUgtQhyCQiY7vyo0uk=&xsec_source=pc_user
676530c900000000130086e0,皇家宠物食品,665,共 68 条评论,冬至的汤圆和饺子🐱原来馅儿是小猫小狗~,冬至有来临 这天到底是吃汤圆还是饺子呢？ 皇都吃，快给皇来一口 咱要一口小猫馅儿的、一口小狗馅儿的 	 🙋‍饺子党、汤圆党们开战！ 📖参与需求： 将小猫/小狗p到汤圆或饺子上 并在评论区留下照片 	 皇将选出不违和又有趣的馅料 呈上猫粮、狗粮🎁喂饱它们！ 快来秀出你的“冬季专属好礼”吧～ #皇家宠物#皇家猫粮#皇家狗粮#冬至#宠粉福利#冬至吃饺子#冬至吃汤圆#冬至吃什么 #冬至吃饺子还是汤圆 #一起暖暖猫个冬,2024-12-20,images_user/676530c900000000130086e0.jpg,avatars_user/676530c900000000130086e0.jpg,30,8.5万,2.2万,21,N/A,/user/profile/5c03825e000000000500e9ce/676530c900000000130086e0?xsec_token=ABfLDvRc1kRSL1tb9d2BJmmBBNf6y_AKAmpCZQ7M82iRA=&xsec_source=pc_user
6764e385000000001301bda3,皇家宠物食品,78,共 17 条评论,阿皇和兔爸的惊喜见面局？！⏰直播锁定！,12.21 重磅预告💫 阿皇x猫德学院的梦幻联动👇 ⏰1300-1700 线下领养日 📍济南 ⏰1630-1730 阿皇兔爸聊天局💬红薯直播 就这样“猫”在一起 给流浪的它一个温暖的家吧🏠 - Tips：直播间还有济南领养活动揭秘 没办法到现场的小伙伴也可以锁定我们！ 搬好小板凳的举手🙋 #皇家宠物 #皇家猫粮 #冬季流浪猫 #领养代替购买让爱终止流浪 #流浪猫过冬 #用爱终止流浪 #一起暖暖猫个冬 #让爱宠陪伴更长久 #点亮世界的毛孩子们 #直播预告,2024-12-19,images_user/6764e385000000001301bda3.jpg,avatars_user/6764e385000000001301bda3.jpg,5,8.5万,2.2万,21,N/A,/user/profile/5c03825e000000000500e9ce/6764e385000000001301bda3?xsec_token=AB2zjp2wIxobWa0gfW9SqUO4ccWq_dXUp3ISXzC1K1288=&xsec_source=pc_user
6763f35e00000000130181a5,皇家宠物食品,46,共 26 条评论,⏰直播预告|硬核干货来袭！福利砸中你脑袋🎁,12月21日与阿皇相约 阿皇兔爸聊天局💬 看看猫狗双全的追风大叔和猫德学院院长 都有哪些新手养猫的“硬核干货”等待输出！ - 🤫除此之外，皇依然为大家准备了 不间断福利好礼等你来领🎁 这个冬天，你的养宠指路人 阿皇做定啦！！ - Tips：直播间还有济南领养活动揭秘 没办法到现场的小伙伴也可以锁定我们！ 搬好小板凳的举手🙋‍♀️ #皇家宠物 #直播预告 #皇家猫粮 #本喵叫兔兔 #科学喂养 #新手养猫 #直播 #直播预热 #流浪猫 #流浪犬 #领养代替购买,2024-12-19,images_user/6763f35e00000000130181a5.jpg,avatars_user/6763f35e00000000130181a5.jpg,1,8.5万,2.2万,21,N/A,/user/profile/5c03825e000000000500e9ce/6763f35e00000000130181a5?xsec_token=ABdJGl4r0PsNOCr12latC4EDAO2chiep4pXsXY5Mo4isA=&xsec_source=pc_user
6763e990000000000902e49d,皇家宠物食品,619,共 67 条评论,天气渐冷猫先知！健康过冬到底该怎么做？🐱,温度降低 天气越来越冷 无形之中冷空气的袭击就会盯上猫猫 皇最近看到好多小猫流鼻涕呕吐💧 	 立刻赶来做一期冬季养护指南！ 总结了几种冬季易发疾病和预防处理建议📝 看看你家猫咪有没有中招？ - 没有中招的毛孩子 铲屎官也要多多注意！ 你有什么猫咪过冬小妙招呢？ 分享给阿皇和新手小白们听听~ 认真分享的铲屎官将会得到阿皇的奖励！🎁 #新手养猫 #养猫经验分享 #猫咪日常 #宠物小知识 #我的萌宠 #皇家 #皇家猫粮,2024-12-19,images_user/6763e990000000000902e49d.jpg,avatars_user/6763e990000000000902e49d.jpg,15,8.5万,2.2万,21,N/A,/user/profile/5c03825e000000000500e9ce/6763e990000000000902e49d?xsec_token=ABdJGl4r0PsNOCr12latC4EE4XiiDVZBAVdGSAN_Viv_U=&xsec_source=pc_user
676008680000000013001e5f,皇家宠物食品,67,共 52 条评论,⏰直播预告|快来和皇一起探猫舍！,12月19日周四！ 阿皇与您相约直播间，一起开启【探舍】之旅 🐾 本次皇联合猫舍，聆听毛孩子和铲屎官们的故事 交流并学习“科学喂养”，陪伴ta们健康成长 悄悄剧透🤫皇还准备了多多惊喜： 直播间互动，参与试吃抽奖； 直播间进粉丝群领优惠福利； ✍️ 留下你和毛孩子们的故事，福利等你领 铲屎官们，定好闹钟⏰加入我们的探舍大军吧 #皇家宠物#直播预告#幼猫湿粮#皇家猫粮#皇家湿粮#猫舍#科学喂养#宠物健康#直播#直播预热,编辑于 2024-12-18,images_user/676008680000000013001e5f.jpg,avatars_user/676008680000000013001e5f.jpg,赞,8.5万,2.2万,21,N/A,/user/profile/5c03825e000000000500e9ce/676008680000000013001e5f?xsec_token=AB12iU2IHBoN-pFAm6eHO5jz8N642dYRzYUbU2hX-GiWU=&xsec_source=pc_user
6758f5910000000006038389,皇家宠物食品,17,共 6 条评论,投票最后一周❗️聆听故事，为最美小院打call,救助，是一场科学与爱交织的旅程💖 在本次最美小院活动中，我们共收集到了20篇投稿。每一篇投稿都值得细看，正是因为这些“心软的神”，才让无数流浪的毛孩子们有了一方天地。 ⬅️滑动查看小院们的故事 投票还有最后一周‼️ 现在就去为TA们打call☎️ ⏰活动时间： 12月2日12:00-12月15日 23:59 ⛽️助力方式： ➡️皇家宠物食品小🍊序【小院评选】专区，为小院投票，助力流浪毛孩温暖过冬。 投票后即可查收待领养毛孩名单，报名领养，成为今年冬天“心软的神”！ #助力最美救助小院 #皇家最美小院 #皇家宠物 #皇家救助倡行者 #流浪猫 #流浪犬 #领养代替购买 #只要爱在流浪不再,2024-12-10,images_user/6758f5910000000006038389.jpg,avatars_user/6758f5910000000006038389.jpg,赞,8.5万,2.2万,21,N/A,/user/profile/5c03825e000000000500e9ce/6758f5910000000006038389?xsec_token=ABJmPZ1kNKqCoIKh7xsS_XGubgqVRsY3NSAN4C3WqumJ0=&xsec_source=pc_user
675801ef000000000603a634,皇家宠物食品,507,共 453 条评论,摸鱼赚粮就差你啦！皇家产品眼力挑战👀,今日份摸鱼小游戏又来咯~ 阿皇的真爱粉在哪里！ 每一款都是大热产品 挑战开始🎮 	 请依次完成👉简单版&gt;进阶版 - 1️⃣使【3个】相同产品连成直线 ​ 2️⃣使【4个】相同产品连成直线 - 怎么样？消消乐是不是很简单呢 还对阿皇不太了解的铲屎官 也可以靠眼力加入我们哦🙌 把你的答案写在下方 阿皇会在评论区不定时翻牌撒粮~ #皇家 #皇家猫粮 #皇家宠物 #宠粉福利 #我的萌宠 #摸鱼小游戏 #打工暂停 #摸鱼,2024-12-10,images_user/675801ef000000000603a634.jpg,avatars_user/675801ef000000000603a634.jpg,3,8.5万,2.2万,21,N/A,/user/profile/5c03825e000000000500e9ce/675801ef000000000603a634?xsec_token=ABJmPZ1kNKqCoIKh7xsS_XGv_o104TXMTtuEYzPzwZ6IA=&xsec_source=pc_user
67511fa3000000000800492b,皇家宠物食品,80,共 85 条评论,处方粮体验官|皮肤不好的小狗有救了,狗狗有很多毛，所以大多数狗狗皮肤都很脆弱 很多小狗因为皮肤病，吃不好也睡不好，甚至还影响消化系统健康 这个时期，日常养护一定要做好： 1⃣补充维生素b，提高免疫力 2⃣外用膏剂，每天涂抹2次 3⃣比较严重的皮肤病遵医嘱配合内服 	 🐾 养护好了，饮食也要跟上 皮肤脆弱的小狗们，试一试“皇家皮肤全价处方粮” 含有复合营养素，帮助支持皮肤的屏障 想尝试的，请大胆说出你家狗狗的皮肤问题 皇蹲在评论区，随机抓取20位小狗体验官哦 	 📕参与方式： 关注@皇家宠物食品 ，点赞并收藏 评论区留下小狗的姓名和皮肤问题 🙋‍招募要求： 收到产品一周内发布真实的试吃体验笔记 笔记至少保留三个月，且必须公开 图文可授权官方使用 ⏰招募时间： 12月5日-12月15日 #皇家宠物#皇家狗粮#皇家处方粮#体验官#狗狗皮肤病#宠粉福利#招募#产品体验官 #处方粮,2024-12-04,images_user/67511fa3000000000800492b.jpg,avatars_user/67511fa3000000000800492b.jpg,1,8.5万,2.2万,21,N/A,/user/profile/5c03825e000000000500e9ce/67511fa3000000000800492b?xsec_token=ABuJa7w2BGr9-bLIqcPLXzW4m_UG1IdO2OZHNptU6SF3c=&xsec_source=pc_user
674e700a000000000702747b,皇家宠物食品,58,共 19 条评论,只要爱在，流浪不再｜一键投票，助流浪毛孩温暖过冬💖,只要爱在，流浪不再｜一键投票，助流浪毛孩温暖过冬💖 	 在街角遇见小流浪🐈🐕，只是救助的开始。 科学诱捕，健康检查，精准营养，绝育免疫，寻找领养...这是一场又科学又有爱的旅程。 - 为了让优秀的救助小院们被大家看到， 阿皇携手20家小院，发起#助力最美救助小院 活动 · ⏰活动时间： 12月2日12:00-12月15日 23:59 · 💝活动奖品： 根据活动最终排名，小院们将获得阿皇精心准备的暖冬物资，如皇家救助专用粮、驱虫药、储粮桶等。 · ⛽️助力方式： 想要为小院们贡献自己的力量？ ➡️皇家宠物食品小🍊序【小院评选】专区，为小院投票，助力流浪毛孩温暖过冬。 - 投票后，即可查收待【待领养毛孩名单】，欢迎报名领养👏，给TA们一个家🏠 #助力最美救助小院 #皇家最美小院 #皇家宠物  #皇家救助倡行者  #流浪猫  #流浪犬  #领养代替购买  #只要爱在流浪不再,2024-12-02,images_user/674e700a000000000702747b.jpg,avatars_user/674e700a000000000702747b.jpg,2,8.5万,2.2万,21,N/A,/user/profile/5c03825e000000000500e9ce/674e700a000000000702747b?xsec_token=ABmuWBQ1iqXoOEbyMccwu9Qo1uUbWWGwUbwkWNCQDUkxc=&xsec_source=pc_user
674982ac000000000702793e,皇家宠物食品,18,共 11 条评论,To Tom的铲屎官，皇家湿粮就是可以天天当饭吃哦！,To Tom的铲屎官，皇家湿粮就是可以天天当饭吃哦！ 	 让小猫们无法拒绝的主食级营养美味就在皇家😻 	 #皇家 #精准营养长久陪伴 #皇家餐包 #皇家感官盛宴,编辑于 2024-11-29,images_user/674982ac000000000702793e.jpg,avatars_user/674982ac000000000702793e.jpg,1,8.5万,2.2万,21,blob:https://www.xiaohongshu.com/4d0a5a8e-1689-4a9c-ab88-68662fc19ea1,/user/profile/5c03825e000000000500e9ce/674982ac000000000702793e?xsec_token=AB8AhUBqip_YL2v3uULt49d1vNdogfi-uxldaK9I83EMs=&xsec_source=pc_user
67493a6a0000000007037051,皇家宠物食品,453,共 1084 条评论,感谢小猫小狗，没你这个家会塌！,小猫小狗不会说话，但他们会用行动爱你： 小猫小猫，你会帮忙抓蟑螂🪳 抓完蟑螂抓老鼠，生怕铲屎官饿肚子 小猫小猫，你会钻进被窝🐾 钻来钻去守着你，帮你暖手又暖脚 小狗小狗，你会默默陪伴💕 蹭你蹭你摇尾巴，帮你消除坏情绪 小狗小狗，你会四处巡逻 🐕 走来走去盯着你，随时随地保护你 ...... 好猫好狗，感谢有你们爱着铲屎官 铲屎官们，你们是如何被它们爱着的 记得分享在评论区哦 #皇家宠物#皇家猫粮#可爱猫猫#猫咪搞笑#小猫的迷惑行为#小猫放屁导致全球变暖#小猫坏事做尽#狗狗日常 #猫猫狗狗,编辑于 2024-12-24,images_user/67493a6a0000000007037051.jpg,avatars_user/67493a6a0000000007037051.jpg,17,8.5万,2.2万,21,N/A,/user/profile/5c03825e000000000500e9ce/67493a6a0000000007037051?xsec_token=AB8AhUBqip_YL2v3uULt49d9_bUBBbNLXiwjcK85Fayn8=&xsec_source=pc_user
674567dd00000000070259dc,皇家宠物食品,37,共 15 条评论,这个领养日，让阿皇的心软软❤️‍🩹,上周日，阿皇和@萌兽港@萌兽港@萌兽港公益 一起带着30只让人心软软的流浪毛孩🥺 在@CHARLIES粉红汉堡 @Charlie's 粉红汉堡🍔马当路店 举办了一场公益领养活动 	 我们在当天为4只流浪毛孩找到了新家🏠 阿皇给他们送上了诚意满满的新家大礼包 希望宝贝们能够健康快乐长大💪 从次开启🔛幸福猫生狗生 阿皇也会一直守护你们的！🥰 	 这个世界不能没有小猫小狗！在被TA们治愈的同时，希望大家能和阿皇一起，持续关注流浪毛孩们的救助与领养。让我们的❤️一直传递，一起用爱终结流浪！ #皇家救助倡行者 #皇家宠物 #萌兽领养日 #上海领养 #点亮世界的毛孩子们 #流浪猫 #流浪狗,2024-11-26,images_user/674567dd00000000070259dc.jpg,avatars_user/674567dd00000000070259dc.jpg,2,8.5万,2.2万,21,N/A,/user/profile/5c03825e000000000500e9ce/674567dd00000000070259dc?xsec_token=ABhgiXutlpMMMljkV4An2mIvEMQNYYLpimYHhP-FpfdYo=&xsec_source=pc_user
67456dd4000000000703adbf,皇家宠物食品,92,共 149 条评论,被Ta们骗了！有了温暖大house就....,最近好多铲屎官的小猫小狗都没有精神，还以为是生病了 结果准备了温暖大house，它们又活蹦乱跳 原来是天气越来越冷，毛孩子被冻的不想动弹！ 📢 人要添衣，Ta们更需要保暖装备 快准备好的美丽小窝 让整个冬天都冻不到宝贝们🐾 👇 晒出来让别家小猫小狗狠狠羡慕 皇蹲在评论区，随机送出罐头小书~ #皇家宠物#皇家猫粮#皇家狗粮#宠粉福利##宠物过冬#被小猫骗了五年 #我家宠物好可爱,2024-11-26,images_user/67456dd4000000000703adbf.jpg,avatars_user/67456dd4000000000703adbf.jpg,1,8.5万,2.2万,21,N/A,/user/profile/5c03825e000000000500e9ce/67456dd4000000000703adbf?xsec_token=ABhgiXutlpMMMljkV4An2mIjtO-CNncoe4QPMBflBHTo0=&xsec_source=pc_user
67440f45000000000703884b,皇家宠物食品,11,共 5 条评论,《十万个喂什么》之黑下巴篇,每期轻松get一个养宠小知识，成为专业优秀铲屎官！“十万个喂什么”系列科普动画第二期：黑下巴究竟是怎么来的？聚焦宠界千古谜题，守护猫咪颜值与健康！ #皇家宠物#皇家猫粮#养宠知识 #知识科普 #猫咪日常#黑下巴 #猫咪黑下巴,编辑于 2024-11-25,images_user/67440f45000000000703884b.jpg,avatars_user/67440f45000000000703884b.jpg,赞,8.5万,2.2万,21,blob:https://www.xiaohongshu.com/da7b107c-dcea-478d-a5c7-60d6dee1672e,/user/profile/5c03825e000000000500e9ce/67440f45000000000703884b?xsec_token=ABTsSCB9z32i3TqfINVJfMJJe44eUAbufH4miE-e4U9s4=&xsec_source=pc_user
673f1d4300000000070313e9,皇家宠物食品,22,共 6 条评论,去除班味哪家强，阿皇首推新朋友疗愈犬！,疗愈犬101项目成团啦！ 	 阿皇和@首都爱护动物协会  带着C位出道的疗愈犬天团吉祥、言言、十三到小红书@行政大当家 做客啦！ 	 疗愈犬双十一后治愈打工人👩‍💼🧑‍💼💼 去除班味哪家强？帅气疗愈犬当仁不让！ 	 已知技能： 情绪稳定🌟🌟🌟🌟🌟 ruarua手感🌟🌟🌟🌟🌟 受欢迎程度🌟🌟🌟🌟🌟 去班味“疗效”🌟🌟🌟🌟🌟🌟 	 今天允许大家隔空rua！ 	 每一只出道的疗愈犬都经过了数月的社会化培训，考试持证上岗为普通爱宠人士和特殊人群服务💖 	 疗愈犬流浪动物公益🐕 是国内首个由流浪动物转型工作犬的项目 在这场双向治愈的旅程中 阿皇联合首爱希望能帮助更多人 敞开心扉、感受幸福 也帮助更多流浪的TA们 重获新生、改变命运💓 	 #皇家救助倡行者 #共同关爱流浪犬猫 #疗愈犬 #cruash #皇家 #精准营养长久陪伴,编辑于 2024-11-21,images_user/673f1d4300000000070313e9.jpg,avatars_user/673f1d4300000000070313e9.jpg,1,8.5万,2.2万,21,N/A,/user/profile/5c03825e000000000500e9ce/673f1d4300000000070313e9?xsec_token=ABh85GcWybNScVGQjtagq0p0vKqk6nooFCwfqYMwsacmE=&xsec_source=pc_user
673e9f6600000000080075f2,皇家宠物食品,111,共 239 条评论,绝绝紫体验官|绝育后的科学喂养小帮手🙌,铲屎官们都知道🤔 猫咪绝育后是需要更加用心养护的！ 因为性激素水平降低导致不爱运动🐈 新陈代谢减缓就很容易引发肥胖问题 猫咪圆乎乎固然可爱，但胖的不健康可不是一件好事😭 所以，皇家带着全网好评的绝绝紫 ✋来招体验官啦！！！ - 皇家绝绝紫 绝育配方粮💜 调节猫咪食欲的同时促进脂肪代谢 真的是绝育后减肥期的绝佳小帮手！ 	 需要的毛孩子下方举爪，让皇看到你的身影！ 📍参与方式 关注@皇家宠物食品 ，点并本此笔记 评论区留下 ta们的姓名＋绝育后肥胖的照片， 阿皇将抓取10位符合情况的猫猫，给你们送上绝绝紫一包～ 	 📍招募要求 1、收到绝育配方粮一周内发布真实的试吃笔记 2、笔记至少保留三个月，且必须公开 3、图文可授权官方使用 🔔招募时间 11月21日-11月28日 赶快踊跃报名吧~ #皇家 #皇家宠物 #皇家体验官 #招募体验官 #皇家猫粮 #绝育粮 #皇家绝绝紫 #猫咪绝育 #我的萌宠 #宠粉福利,编辑于 2024-11-25,images_user/673e9f6600000000080075f2.jpg,avatars_user/673e9f6600000000080075f2.jpg,赞,8.5万,2.2万,21,N/A,/user/profile/5c03825e000000000500e9ce/673e9f6600000000080075f2?xsec_token=ABvfa6Jqc3xJh73KYuzUcxLJLBKNfU69RN8pDZngwqlfw=&xsec_source=pc_user
673d99730000000008004cd8,皇家宠物食品,18,共 6 条评论,🫨皇家X袖虎「萌宠养生荟」广州站来袭！,🥳皇家「萌宠养生荟」即将开启 🐾带上你家毛孩子一起来赴个养生局！ 	 ⏰活动时间：11月23日-11月24日 📍活动地点：广州天河区美林 MLIVE 天地西座 	 ⬇阿皇的养生荟赴局攻略请查收 🎁签到有礼 参与活动更能赢取皇家功能粮试吃装&amp;周边 🧑‍⚕专家坐诊 毛孩子免费体检，医生科普养生知识 📷猫狗八段锦 开启萌趣养生，更有摄影师为萌宠出片 💓现场领养 流浪宝贝们亮相现场，寻找优质铲屎官 	 🛍快带上你家毛孩子，前往养生荟和阿皇有奖碰头！ #皇家 #皇家猫粮 #皇家狗粮 #皇家功能粮 #皇家宠物 #宠物养生正当时 #宠物出行 #宠物聚会,2024-11-20,images_user/673d99730000000008004cd8.jpg,avatars_user/673d99730000000008004cd8.jpg,赞,8.5万,2.2万,21,N/A,/user/profile/5c03825e000000000500e9ce/673d99730000000008004cd8?xsec_token=ABz8tv4DRd3zlDSiQnotK1cqhjgaMjn2bWUwbdYE3zHJ4=&xsec_source=pc_user
673d4fec0000000008006a9f,皇家宠物食品,30,共 6 条评论,30只流浪毛孩大集合🐾上海线下领养活动来了,阿皇携手@萌兽港 @萌兽港公益 给猫猫狗狗找新家啦！ ⏰11月24日（周日）下午 1-5 点 📍 CHARLIE'S 粉红汉堡 - 马当路店｜中海环宇荟 L133 室（马当路地铁站 5 号口旁） 	 ⬅️左滑查收毛孩子剧透合集，快来Pick Pick你中意的TA🧐 ‼️现场空间有限，想让哪只毛孩子来到现场，务必留言告诉阿皇！ 	 不管你是否有领养计划，都欢迎大家来到线下感受毛孩子们的热情🐾 阿皇为每一只找到新家的毛孩子都准备了诚意满满的新家大礼包💝 还给来到现场的大家安排了限量皇家试吃福利🤤和超优惠宠爱礼盒🎁 这个周日，等你来玩✌️ #皇家宠物 #皇家救助倡行者 #萌兽领养日 #上海领养,2024-11-19,images_user/673d4fec0000000008006a9f.jpg,avatars_user/673d4fec0000000008006a9f.jpg,6,8.5万,2.2万,21,N/A,/user/profile/5c03825e000000000500e9ce/673d4fec0000000008006a9f?xsec_token=ABz8tv4DRd3zlDSiQnotK1clMeMwVve4LidXGKnAigDQk=&xsec_source=pc_user
673c74fb000000000702486c,皇家宠物食品,11,共 1 条评论,「宠物养生八段锦」之狗狗篇🐶,特别感谢上海AVC安佳国际宠物医院的院长Grace医生～养狗的宝子们速来学学“八段锦”，在家也能给🐶做简单的小体检！（当然，每年带ta去体检也是必不可少的哟） #皇家 #皇家宠物 #八段锦养生 #我的萌宠 #养宠经验分享,2024-11-19,images_user/673c74fb000000000702486c.jpg,avatars_user/673c74fb000000000702486c.jpg,赞,8.5万,2.2万,21,blob:https://www.xiaohongshu.com/9b440546-16bb-4b07-8825-047a630b424f,/user/profile/5c03825e000000000500e9ce/673c74fb000000000702486c?xsec_token=ABiHTlAJQ8GPMchAR85ppEhAXqrwUgh9wgbaZA_BOyN-M=&xsec_source=pc_user
673a9b4c000000001a01cb6c,皇家宠物食品,22,0,「宠物养生八段锦」之猫猫篇🐱,应铲屎官们的强烈要求，我们邀请上海AVC安佳国际宠物医院的院长Grace医生@澳洲宠医Dr. Grace🍀 给大家讲解“八段锦”每一式的要点，快来跟练一起守护猫咪的健康生活吧！ #皇家 #皇家猫粮 #宠物养护 #猫咪 #养猫经验分享,编辑于 2024-11-19,images_user/673a9b4c000000001a01cb6c.jpg,avatars_user/673a9b4c000000001a01cb6c.jpg,22,8.5万,2.2万,21,blob:https://www.xiaohongshu.com/c7a8d015-a34c-4b7f-86d7-3db62c40ec94,/user/profile/5c03825e000000000500e9ce/673a9b4c000000001a01cb6c?xsec_token=AB7Aca4i5QE3jk7hL6VINwuLq_-huzn0gySftu9lVy8pA=&xsec_source=pc_user
673055a5000000001b0117be,皇家宠物食品,43,共 7 条评论,阿皇的校园喵拆“蛋”行动-上海站来了！,这次阿皇们来到了同济大学，猜猜最后成功“绑架”了多少只小猫？ 	 #皇家校园喵拆蛋行动 #为犬猫创造一个更美好的世界 #支持TNR科学救助流浪猫 #皇家 #精准营养长久陪伴,2024-11-10,images_user/673055a5000000001b0117be.jpg,avatars_user/673055a5000000001b0117be.jpg,2,8.5万,2.2万,21,blob:https://www.xiaohongshu.com/79b7b38a-27e2-4fc1-a621-d9f3d29c4477,/user/profile/5c03825e000000000500e9ce/673055a5000000001b0117be?xsec_token=AB8m766asHbF4CRWpyJXkPNY_mCThAVl4Zlg-yh-xRdGI=&xsec_source=pc_user
672c55d00000000019014a94,皇家宠物食品,555,共 815 条评论,奶糕罐体验官|爱吃的小猫小狗请举爪🐾,奶糕罐体验官|爱吃的小猫小狗请举爪🐾 皇家爆品—奶糕罐 来招体验官啦～ 天冷了，小猫小狗不爱喝水了？ 能补充水分又好吃的还得是奶糕罐！ 👇 冰淇淋慕斯口感 这家修狗修猫能不爱 添加牛乳酪蛋白，呵护🐱🐕肠胃 🐾 爱吃的宝贝们，请举爪 一键四连即可参与哦 抓取20位符合月龄的幸运小猫小狗 	 📖招募要求 收到奶糕罐一周内发布真实的试吃笔记 笔记至少保留三个月，且图文可授权官方使用 	 ⏰我们将持续招募 赶紧踊跃报名吧~ #皇家宠物#皇家奶糕罐头 #皇家体验官 #体验官 #招募体验官 #皇家猫粮 #我的萌宠#宠粉福利 #猫罐头 #狗罐头,编辑于 01-10,images_user/672c55d00000000019014a94.jpg,avatars_user/672c55d00000000019014a94.jpg,2,8.5万,2.2万,21,N/A,/user/profile/5c03825e000000000500e9ce/672c55d00000000019014a94?xsec_token=AB48xLaKSE0R0FhVwRyDgojJBtIzpMRTWtYRd-1eq73Nw=&xsec_source=pc_user
6729f0ff000000001b012846,皇家宠物食品,23,共 10 条评论,🫨火爆上海的「萌宠养生荟」来到成都啦,🥳皇家「萌宠养生荟」即将开启 🐾带上你家毛孩子一起来赴个养生局！ - ⏰活动时间：11月9日-11月10日 📍活动地点：@成都万象城 	 ⬇️阿皇的养生荟赴局攻略请查收 🎁签到有礼 参与活动更能赢取皇家功能粮试吃装&amp;周边 🧑‍⚕️专家坐诊 毛孩子免费体检，医生科普养生知识 📷猫狗八段锦 开启萌趣养生，更有摄影师为萌宠出片 💓爱宠领养计划 萌宠宝贝亮相现场，寻找优质铲屎官 	 🛍️快带上你家毛孩子，前往养生荟和阿皇有奖碰头！@帕帕拉兹宠物 #皇家 #皇家猫粮 #皇家狗粮 #皇家功能粮 #皇家宠物 #宠物养生正当时 #宠物出行 #宠物聚会 #皇家X帕帕拉兹,编辑于 2024-11-07,images_user/6729f0ff000000001b012846.jpg,avatars_user/6729f0ff000000001b012846.jpg,1,8.5万,2.2万,21,N/A,/user/profile/5c03825e000000000500e9ce/6729f0ff000000001b012846?xsec_token=ABsPj61b5A4kaE2BWYI_45wa5h7bT7s4F13H2etAMUWss=&xsec_source=pc_user
672881bd000000001b011f53,皇家宠物食品,2582,共 25 条评论,给流浪毛孩子带去希望～,贫瘠的人生因为救助也在闪闪发光，给小流浪们准备了皇家猫奶糕，给小猫们打好强壮的身体💪最后，感谢@本喵叫兔兔 和皇一起关爱并帮助这些小流浪 #幼猫幼犬就吃皇家 #皇家幼猫粮 #幼猫幼犬百科全书 #领养代替买卖 #救助流浪猫 #救助流浪动物 #皇家宠物 #皇家猫粮,编辑于 2024-11-04,images_user/672881bd000000001b011f53.jpg,avatars_user/672881bd000000001b011f53.jpg,79,8.5万,2.2万,21,blob:https://www.xiaohongshu.com/5805003b-530e-4c0b-9ee3-94d2eea9862f,/user/profile/5c03825e000000000500e9ce/672881bd000000001b011f53?xsec_token=ABoh8wlEo0myho1n79MUOUDVA--TvX9cRh3S_qpiwfDss=&xsec_source=pc_user
67285cfb000000001b02c539,皇家宠物食品,14,共 11 条评论,来 ！「皇家萌宠养生荟」碰头！,看到大家的毛孩子都健康又快乐，阿皇就放心啦！错过前两天上海活动的宝子们没关系，接下来的几个周末，我们还会在成都、北京、广州、深圳~期待和大家在「皇家萌宠养生荟」碰头！ #宠物养生正当时 #皇家功能粮 #秋天正是养生天 #不辜负每个周末,2024-11-04,images_user/67285cfb000000001b02c539.jpg,avatars_user/67285cfb000000001b02c539.jpg,赞,8.5万,2.2万,21,N/A,/user/profile/5c03825e000000000500e9ce/67285cfb000000001b02c539?xsec_token=ABoh8wlEo0myho1n79MUOUDeZlK2LiqQAu7htMaZ4vSZ8=&xsec_source=pc_user
6727096f000000001901ab46,皇家宠物食品,19,共 15 条评论,阿皇的手机相册要爆了,最后几小时，快来cpark它博找我拍写真 昨天谁跟我打招呼来着？ #它博 #它博集 #清清日常库存,2024-11-03,images_user/6727096f000000001901ab46.jpg,avatars_user/6727096f000000001901ab46.jpg,2,8.5万,2.2万,21,N/A,/user/profile/5c03825e000000000500e9ce/6727096f000000001901ab46?xsec_token=ABCGEVZ605ii91KH0H-bBDti9zUNFVrz8EOJpMA59A5Hc=&xsec_source=pc_user
67247ba00000000019018d8d,皇家宠物食品,21,共 11 条评论,🐶阿皇独创「八段锦」 ，修勾「养生」大法好~,秋天正是养生天，大家速速来跟练！ 第1式：噗噗式，愿事事通畅 第2式：板鸭式，愿不挠痒痒 第3式：四足式，愿身材标致 第4式：侧卧式，愿毛发靓丽 第5式：摇尾式，愿活力四射 第6式：狮吼式，愿牙口超好 第7式：深蹲式，愿四肢有力 第8式：击掌式，愿长久陪伴 #宠物养生正当时 #皇家功能粮 #秋天正是养生天 #八段锦,2024-11-01,images_user/67247ba00000000019018d8d.jpg,avatars_user/67247ba00000000019018d8d.jpg,赞,8.5万,2.2万,21,N/A,/user/profile/5c03825e000000000500e9ce/67247ba00000000019018d8d?xsec_token=ABornXTIjd85insy3onzwnPuMfLBY5N1IS0-Hmut1KQ0A=&xsec_source=pc_user
67247afc000000001b02b315,皇家宠物食品,15,共 25 条评论,🐱阿皇独创「八段锦」 ，猫咪「养生」大法好！,快来一起“跟练”吧～ 第1式：下犬式，愿嘘嘘顺利 第2式：俯狮式，愿不吐毛球 第3式：四足式，愿体重标准 第4式：狮吼式，愿牙口倍棒 第5式：撸猫式，愿毛亮顺滑 第6式：侧躺式，愿无忧无虑 第7式：揣手式，愿万事大吉 第8式：击掌式，愿长久陪伴 #宠物养生正当时 #皇家功能粮 #秋天正是养生天 #八段锦,2024-11-01,images_user/67247afc000000001b02b315.jpg,avatars_user/67247afc000000001b02b315.jpg,3,8.5万,2.2万,21,N/A,/user/profile/5c03825e000000000500e9ce/67247afc000000001b02b315?xsec_token=ABornXTIjd85insy3onzwnPqQDUDfEAEAoqeON0h-cBQM=&xsec_source=pc_user
67236dab000000001b02917f,皇家宠物食品,4,0,📣📣它博集上海站周五歇业，周末开张！,受台风“康妮&quot;影响，11月1日周五预计将有暴雨出现，考虑到观众的安全和体验，决定取消11月1日周五当天它博集活动。已购买的门票依然可以使用，无需更换；同时周六日营业时间延长，具体安排如下： 周六10:00-22:00（原11:00-21:00） 周日10:00-22:00（原11:00-20:00） 	 特殊风雨天气，还请谅解，阿皇和你周末再见！ #皇家 #它博集 #TABOChill它博集 #精准营养长久陪伴,2024-10-31,images_user/67236dab000000001b02917f.jpg,avatars_user/67236dab000000001b02917f.jpg,4,8.5万,2.2万,21,N/A,/user/profile/5c03825e000000000500e9ce/67236dab000000001b02917f?xsec_token=AB1nPJB1qBDFwzjqT4t5PPs-ntvSLC1zF1wqBNVburbCg=&xsec_source=pc_user
6722e1d8000000001b028606,皇家宠物食品,46,共 77 条评论,1秒召唤？秘密武器竟然是...?,高冷猫？i猫？这几招就治它们哦 猫语十级的皇！来教教铲屎官们😎 👇 如果想要小猫震惊回头，只要发出“咪莫咪莫” 它们会觉得：哇😱你竟然会说猫语？ 想要它们把你当作妈妈，发出“木猫木猫” 这是猫妈妈召唤猫孩子的声音 想要和猫猫玩耍，就发出“咕哇咕哇” 在猫界，这是召唤朋友们的声音 想要让猫猫关心自己，发出“喵呜喵呜” 它们会很着急，这声音它们“求救”的信号 📸 最后一个【秘密武器】还得是小猫咪爱吃的皇！ 分享你家猫猫吃皇家任意产品的图片 或分享用猫语召唤猫猫的图片 皇给大家发【秘密武器】 让你随时召唤你的宝贝~ #皇家宠物#养猫知识#新手养猫#电子宠物#我家猫咪真可爱 #养猫经验分享 #宠物知识 #猫咪社会化训练 #科学养猫 #猫咪冷知识,2024-10-31,images_user/6722e1d8000000001b028606.jpg,avatars_user/6722e1d8000000001b028606.jpg,赞,8.5万,2.2万,21,N/A,/user/profile/5c03825e000000000500e9ce/6722e1d8000000001b028606?xsec_token=ABzjtrS3AyLikd3fPozJ7CRzKptZGItBT95px8CSuhwAg=&xsec_source=pc_user
6721a09e000000001901bdbd,皇家宠物食品,57,0,“皇家校园喵拆蛋行动”开奖啦🎉,本次“拆蛋大作战”圆满完成 感谢各个学校社团的热情参与~ 来看看上榜的有没有你的pick🤩 	 活动期间共收到50所高校全员的视频笔记📹 大家抒发真情 用心呼吁 阿皇看的十分感动🥹 流浪猫的困难处境需要大家一起努力 除了给予关怀和力所能及的帮助 更要做负责任的养宠人~ - 没能参与的小伙伴也不要灰心 请继续关注未来的公益项目💪 期待未来有更多机会能够和大家一起做公益！ #皇家宠物 #皇家猫粮 #皇家校园喵拆蛋行动 #流浪猫绝育 #守护流浪猫 #猫咪绝育 #我的萌宠,2024-10-29,images_user/6721a09e000000001901bdbd.jpg,avatars_user/6721a09e000000001901bdbd.jpg,57,8.5万,2.2万,21,N/A,/user/profile/5c03825e000000000500e9ce/6721a09e000000001901bdbd?xsec_token=AB4woplpD9kE45-UbCI4R_YjudUx4rbDhc-NImEGyB2iU=&xsec_source=pc_user
6720a2bc000000001b012a91,皇家宠物食品,43,共 34 条评论,🫨听说全上海的铲屎官都准备来,🥳皇家「萌宠养生荟」即将开启 🐾带上你家毛孩子一起来赴个养生局！ - ⏰活动时间：11月2日-11月4日（因天气原因延期一天） 📍活动地点：上海Gate M西岸梦中心@西岸梦中心 	 ⬇️阿皇的养生荟赴局攻略请查收 🎁签到有礼 参与活动更能赢取皇家功能粮试吃装&amp;周边 🧑‍⚕️专家坐诊 毛孩子免费体检，医生科普养生知识 📷猫狗八段锦 开启萌趣养生，更有摄影师为萌宠出片 💓现场领养 流浪宝贝们亮相现场，寻找优质铲屎官 	 🛍️快带上你家毛孩子，前往养生荟和阿皇有奖碰头！@電力宠物公司 #皇家 #皇家猫粮 #皇家狗粮 #皇家功能粮 #皇家宠物 #宠物养生正当时 #宠物出行 #宠物聚会,编辑于 2024-10-31,images_user/6720a2bc000000001b012a91.jpg,avatars_user/6720a2bc000000001b012a91.jpg,5,8.5万,2.2万,21,N/A,/user/profile/5c03825e000000000500e9ce/6720a2bc000000001b012a91?xsec_token=ABqQEWXHfG5yyyla013gjFhlLJG8zrcIysZ_53apKPIas=&xsec_source=pc_user
671b7dec0000000024014c16,皇家宠物食品,129,0,打工暂停！铲屎官们速速来赚猫粮🎁,今日互动游戏来啦！ 阿皇的真爱粉们在哪里🙋‍♀️ 看【emoji+文字提示】猜产品 🎮挑战开始！ 	 你能看出这三种分别是什么产品吗？ 越往后提示越多😎 有答案的在评论区回答！ 阿皇会不定时“批作业”哦~ - Tips： 真爱粉宠粉惊喜来袭 游戏回答完不要忘记点击参与抽奖哦~ #皇家 #皇家猫粮 #宠粉福利 #我的萌宠 #摸鱼小游戏 #皇家宠物,2024-10-25,images_user/671b7dec0000000024014c16.jpg,avatars_user/671b7dec0000000024014c16.jpg,128,8.5万,2.2万,21,N/A,/user/profile/5c03825e000000000500e9ce/671b7dec0000000024014c16?xsec_token=ABeoL9pxEFTPeNRO3A5C33_Qe35W0pB-LnaI28j0KcV8w=&xsec_source=pc_user
671740bc000000002100361e,皇家宠物食品,31,共 21 条评论,📕皇家X小红书 幼猫幼犬百科全书 ，奶糕罐头版小书发布会！,📕皇家X小红书 #幼猫幼犬百科全书 ，奶糕罐头版小书发布会！ 👶🏻未成年小猫小狗社交局🚫1岁＋禁止入内！ 👑繁育主理人&amp;冠军犬猫🤩手把手现场教学养出“社会化满分”神仙小猫，神仙小狗！ 🎁10月21日-10月31日持续惊喜：上海徐汇滨江遛狗人集合！顺路去Loam咖啡逛逛，发小红书打卡给毛孩子打猎了！ #幼猫幼犬百科全书 #皇家猫粮 #皇家宠物 #我的萌宠 #幼猫#幼犬 #养宠知识 #宠物百科 #我家宠物好可爱,2024-10-22,images_user/671740bc000000002100361e.jpg,avatars_user/671740bc000000002100361e.jpg,36,8.5万,2.2万,21,blob:https://www.xiaohongshu.com/5a5eb37b-695c-4091-ab45-d1c1fc11aee1,/user/profile/5c03825e000000000500e9ce/671740bc000000002100361e?xsec_token=ABy-WJkW1kHa4YgbEilrP1lirIuQUlOAnu7DQZhlCjhTg=&xsec_source=pc_user
671214fc000000002401bbdc,皇家宠物食品,58,共 26 条评论,🔥冬日暖心行动！闲置旧衣温暖小流浪的冬天,在这个充满温情的季节里，皇家宠物食品与@飞蚂蚁 携手开启了一场爱的盛宴，成功回收一单旧衣，都将为流浪猫狗基地的小家伙们捐赠出沉甸甸的一斤粮食和暖垫。 	 翻翻你的衣橱，那些不再宠幸的衣物，其实是流浪猫狗们的冬日宝藏！把它们整理出来，不仅仅是清理空间，更是传递了一份温暖与希望。👗👕 	 参与方式： ➡️飞蚂蚁小🍊序首页参与“爱暖喵汪心活动专区” 这个冬天，让我们一起用小小的行动，编织大大的温暖网，守护那些无家可归的小生命。你的每一次捐赠，都是它们生命中最亮的光！💖 #皇家宠物 #点亮世界的毛孩子们 #让爱宠陪伴更长久 #不仅是宠物更是家人 #毛孩子也是家人 #流浪猫 #流浪猫救助,2024-10-18,images_user/671214fc000000002401bbdc.jpg,avatars_user/671214fc000000002401bbdc.jpg,74,8.5万,2.2万,21,N/A,/user/profile/5c03825e000000000500e9ce/671214fc000000002401bbdc?xsec_token=ABGN0QTm7Dgl-A4ldeU2NRpM1lEA46aBmqj21B9WbxIfk=&xsec_source=pc_user
6710d83900000000210014ed,皇家宠物食品,26,共 25 条评论,票来啦🎃上海万圣周末“小鬼头”齐聚它博,它博集上海站之萌”鬼”公园， 10月25-27在C·PARK等你带着毛孩子来一起大玩特玩！ 	 🎁阿皇准备了超多惊喜等待你的到来 ①萌宠造型屋，毛孩万圣造型，你见过吗？ ②萌宠打卡墙，留下“小鬼头”的万圣大片 ③宠物友好地图墙，带你的毛孩子来打卡最爱的宠物出游好去处！ ④爱心义诊区，携宠出游前，健康保障不能少~ ⑤必不可少的FREE试吃大礼包！ 	 🎃Trick or Treats? 10月25日-27日 阿皇在C·PARK Haisu等你来玩！ @TABO Chill它博集 点👍+关🐖+评论区留下毛孩照片， 10月21日抽幸运鹅得FREE票哦！ #它博集 #宠物友好 #纯公园CPARK #精准营养长久陪伴 #人宠友好 #狗狗 #猫猫 #宠物市集 #创意市集 #万圣节市集 #摆摊 #城市活动超好玩 #上海市集 #上海去哪儿玩 #上海周末去哪儿玩,编辑于 2024-10-18,images_user/6710d83900000000210014ed.jpg,avatars_user/6710d83900000000210014ed.jpg,13,8.5万,2.2万,21,N/A,/user/profile/5c03825e000000000500e9ce/6710d83900000000210014ed?xsec_token=ABPCGlr2cz9QOKDwFOFwxbje7xajnSPtxKtF7S5RkuQmQ=&xsec_source=pc_user
6710adea0000000021002d07,皇家宠物食品,16,共 19 条评论,幼宠社交局！i宠e宠面基啦,📕皇家X小红书 #幼猫幼犬百科全书 ，奶糕罐头版小书发布会！ 👶🏻未成年小猫小狗社交局🚫1岁＋禁止入内！ 繁育主理人@神叨叨的喵呜 @Vision Family中天 &amp;冠军犬猫 10月20日手把手现场教学， 养出“社会化满分”神仙小猫，神仙小狗！ 铲屎官们签到后可兑换免费饮品哦 更多隐藏惊喜等你们现场揭晓~ 	 📣还差2猫2狗开局，社交达宠们，快来加入！ 招募对象： 1岁以下的未成年小猫小狗们 报名方式： 评论区晒图留下幼猫幼犬的年龄、姓名以及成长的趣事， 越真实有趣的内容，越有机会被皇翻牌发出活动邀请函！ 	 🎁10月21日-10月31日持续惊喜！ 上海徐汇滨江遛狗人集合！ 顺路去Loam咖啡逛逛，发小红书打卡给毛孩子打猎了！ 还剩4️⃣个名额，评论区速速报名，皇等你们哦~ #皇家宠物#宠物展会#萌宠日常#社交宠物#宠物社交 #我家宠物好可爱#宠物聚会  #带着宠物去玩耍 #宠物活动,编辑于 2024-10-17,images_user/6710adea0000000021002d07.jpg,avatars_user/6710adea0000000021002d07.jpg,1,8.5万,2.2万,21,N/A,/user/profile/5c03825e000000000500e9ce/6710adea0000000021002d07?xsec_token=ABPCGlr2cz9QOKDwFOFwxbjdCQF0gHcgNBOvzWd_ExjYI=&xsec_source=pc_user
670f3272000000001b03db6e,皇家宠物食品,44,共 105 条评论,短毛喵？长毛喵？论谁掉毛更严重,本期茶话会迎来一场辩论赛 《短毛还是长毛掉毛更严重》 好多铲屎官们都认为长毛更容易掉毛 有没有长毛家长们要驳回的？！ 📸 有图有真相，拿出你的证据 为你的小猫赢得本期美毛处方粮哦 看谁能说服皇和铲屎官们 仅限2️⃣0️⃣名哦 	 📖参赛规则： 留下掉毛证据，简单叙述掉毛程度或者一些趣事、疑问 并发布真实的试吃体验，记得@皇家宠物食品 哦 ⏰参赛时间： 2024年10月16日-2024年10月27日 🏆开奖时间： 2024年10月28日 👏快来加入这场酣畅淋漓的辩论赛吧 #皇家宠物#皇家猫粮#处方粮#宠粉福利#养猫经验分享 #我的萌宠 #猫咪日常 #掉毛 #猫咪掉毛怎么办#小猫咪的呵护,编辑于 2024-10-28,images_user/670f3272000000001b03db6e.jpg,avatars_user/670f3272000000001b03db6e.jpg,赞,8.5万,2.2万,21,N/A,/user/profile/5c03825e000000000500e9ce/670f3272000000001b03db6e?xsec_token=ABMb76jgl50wqnaJM-jL6EVKRZn6Z5gph7lR2sYG4aIDQ=&xsec_source=pc_user
670e07a0000000002401addb,皇家宠物食品,65,共 21 条评论,你关注过校园流浪猫吗？爱心学生自发组成救助社团，一直关爱着小流浪们，皇家10月携,你关注过校园流浪猫吗？爱心学生自发组成救助社团，一直关爱着小流浪们，皇家10月携手@京东健康 @首都爱护动物协会 共同发起“皇家校园喵拆蛋行动”，联动全国50所大学，50个高校救助社团，助力500只校园流浪猫免费绝育，速速给这些高校视频加热吧 #皇家宠物#皇家校园喵拆蛋行动#流浪猫绝育#绝育#守护流浪猫#猫咪绝育 #救助流浪猫 #关爱流浪猫 #我和流浪猫的故事,编辑于 2024-10-17,images_user/670e07a0000000002401addb.jpg,avatars_user/670e07a0000000002401addb.jpg,赞,8.5万,2.2万,21,blob:https://www.xiaohongshu.com/18945adb-d281-4b01-ab2d-f7f41d575636,/user/profile/5c03825e000000000500e9ce/670e07a0000000002401addb?xsec_token=ABF5agtLBZbWVN_kdJRwt5fZosLtJ_JCz071Cq2163B2k=&xsec_source=pc_user
670d0ac20000000021008b9f,皇家宠物食品,16,0,历经2个月的海选和5个月的专项训练，疗愈犬终于成团了！从村口街边的小流浪到持证上,历经2个月的海选和5个月的专项训练，疗愈犬终于成团了！从村口街边的小流浪到持证上岗的疗愈犬，看看TA们发生了哪些蜕变？ #救助倡行者 #精准营养长久陪伴,2024-10-15,images_user/670d0ac20000000021008b9f.jpg,avatars_user/670d0ac20000000021008b9f.jpg,16,8.5万,2.2万,21,N/A,/user/profile/5c03825e000000000500e9ce/670d0ac20000000021008b9f?xsec_token=ABo95g9Ye6E783prJTuLhWuASZCiO9UwxKATNTt06GVY8=&xsec_source=pc_user
670c859a00000000210051d9,皇家宠物食品,408,共 320 条评论,🐾 拆蛋大作战！守护流浪猫的幸福喵生 🐱✨,🐾 拆蛋大作战！守护流浪猫的幸福喵生 🐱✨ 📢本次“皇家校园喵拆蛋行动”皇家联合@首都爱护动物协会 招募到了全国50所高校的动物保护社团！🐱 使用高校流浪猫社团账号发布校园喵的动人故事视频参与视频竞赛 👇 @皇家宠物食品 ，并带话题#皇家校园喵拆蛋行动 ，即视为参与活动。 10月15日-10月25日，视频点赞量TOP5️⃣0️⃣ 将获得价值300元的皇家绝育券哦~ 📢 这次不在活动高校名单里的学校或者个人小伙伴！ 本皇也在评论区准备了试吃， 让更多完成拆蛋的小流浪健康成长~ 📸 分享你守护小猫咪的困难或经历 带上猫猫拆蛋图片，中奖几率更高哦~ 快来参与吧！让我们一起守护这些可爱的流浪喵星人！💖🐱 #皇家宠物#皇家猫粮#皇家校园喵拆蛋行动 #流浪猫绝育#守护流浪猫#猫咪绝育#猫咪日常 #我的萌宠,编辑于 2024-10-14,images_user/670c859a00000000210051d9.jpg,avatars_user/670c859a00000000210051d9.jpg,12,8.5万,2.2万,21,N/A,/user/profile/5c03825e000000000500e9ce/670c859a00000000210051d9?xsec_token=AB1H5cSddGAEHvr-V7kaD1famuNVBfa8f_hkLTGBSlG0U=&xsec_source=pc_user
670cb30f0000000021003efc,皇家宠物食品,11,共 1 条评论,倒计时：3天！阿皇带你玩转皇家杯🏆,🌟 皇家杯X宠爱王国2024 CKU本部展 —— 宠物界的星光盛典，即将璀璨开启！🐾 📅 活动时间：10月17日至10月20日 📍 活动地点：廊坊临空国际会展中心1号馆 	 🎪 活动趣点： 萌宠大挑战：带上你的毛孩子，一起穿越隧道、飞跃障碍，开启一场趣味冒险之旅。 名犬星光赛：观赏顶尖犬只的风采，共同见证皇家之星的璀璨诞生。 萌友市集：在市集中结识新朋友，品尝各种手工美食，享受宠物爱好者的专属乐趣。 皇家福利站：在皇家展位参与互动，赢取惊喜抽奖，把限定大礼包带回家。 	 🎁 独家好礼：参与活动，即有机会抢先获得皇家试吃大礼包，数量有限，先到先得！ 🌟 快来加入这场宠物爱好者的狂欢派对，让爱与欢乐在这里尽情绽放！🐾🎈 #皇家宠物 #皇家猫粮 #皇家狗粮 #宠物展 #宠物活动 #点亮世界的毛孩子们 #宠物展 #展会 #宠粉福利 #我的萌宠,2024-10-14,images_user/670cb30f0000000021003efc.jpg,avatars_user/670cb30f0000000021003efc.jpg,赞,8.5万,2.2万,21,N/A,/user/profile/5c03825e000000000500e9ce/670cb30f0000000021003efc?xsec_token=AB1H5cSddGAEHvr-V7kaD1fZ5V6zn2fhJ8O_ShiXmsy08=&xsec_source=pc_user
670a4ce00000000021002d63,皇家宠物食品,2145,共 20 条评论,带宠去上班”第三期纪录片来啦,上海静安寺竟然有家可以带宠上班的公司，在这里所有宠物可以被铲屎官陪伴着，呵护着！ #皇家宠物#带宠去上班#带宠去医院#宠物纪录片#我家宠物好可爱 #皇家猫粮 #皇家狗粮 #宠物健康,2024-10-12,images_user/670a4ce00000000021002d63.jpg,avatars_user/670a4ce00000000021002d63.jpg,11,8.5万,2.2万,21,blob:https://www.xiaohongshu.com/18929dd7-838f-42a4-b54c-43dce0b3cadc,/user/profile/5c03825e000000000500e9ce/670a4ce00000000021002d63?xsec_token=ABQ0vj0tJe4K5d0XdZlT5Ye4lFxmFQ0mijaGBRYXOpBaM=&xsec_source=pc_user
6708d2ee000000001a022d41,皇家宠物食品,49,共 103 条评论,岁岁重阳｜爱意始终相伴同行🐾,人与宠物的羁绊总是奇妙又温暖 今天是农历九月初九🍂 借着祈求健康长寿寓意的重阳佳节 阿皇祝大家都能与宠物“久久”相伴！ - 今日话题：你家宠物今年几岁啦？ 要知道一般宠物的7岁+ 就相当于人类的40+啦！ 真的是“老baby”了🐱🐶 - 犬猫的寿命除了与品种/遗传基因相关 日常养护、营养补充也很重要！ 右滑可以看看阿皇找来的两位养宠达人 都是怎么养护老年宠的~ 应节日这个氛围 留下你家猫猫/狗狗的照片和年龄👀 幸运小宠有机会获得阿皇准备的加餐一份哦~ 	 老年宠物养护，要用心更要用对方法！ 感谢@夏君君  @颖儿的养宠日记🐕 的经验分享🙌 #皇家 #皇家猫粮 #重阳节  #重阳节礼物 #我的萌宠 #宠粉福利,编辑于 2024-10-11,images_user/6708d2ee000000001a022d41.jpg,avatars_user/6708d2ee000000001a022d41.jpg,赞,8.5万,2.2万,21,N/A,/user/profile/5c03825e000000000500e9ce/6708d2ee000000001a022d41?xsec_token=AB7Fg2XTTovsQAmQUwCWzGPJ-CBXfSetc3-e5mDkVikig=&xsec_source=pc_user
67079216000000001902d404,皇家宠物食品,21,共 3 条评论,🐶🌊3分钟带你沉浸式回顾阿皇X爱宠游和毛孩们在青海的奇妙旅行,🐶🌊3分钟带你沉浸式回顾阿皇X爱宠游和毛孩们在青海的奇妙旅行 👉阿皇提醒：出行前别忘了带毛孩子去医院体检哦！ #皇家携宠友好出行#情绪舒缓粮旅行没负担 #带宠去医院,2024-10-10,images_user/67079216000000001902d404.jpg,avatars_user/67079216000000001902d404.jpg,赞,8.5万,2.2万,21,blob:https://www.xiaohongshu.com/4ac26e37-94b7-46c9-9811-040af4d114a2,/user/profile/5c03825e000000000500e9ce/67079216000000001902d404?xsec_token=ABasKtleWXR1O9jzVOIqUbNlEmWXuWHbP5PRTddTO9fZU=&xsec_source=pc_user
67079120000000001902fca3,皇家宠物食品,6,共 3 条评论,"🐾 ""皇家杯""宠爱王国2024年CKU®本部展 🐾",🎉 一年一度的宠物盛会即将开启！🎉 📅 日期：10月17日至10月20日 📍 地点：廊坊临空国际会展中心1号馆 🏆 CKU®本部展全犬种冠军展 —— 传承匠心，见证荣耀，近800只专业赛犬，同场竞技，展现非凡魅力。 🐕‍🦺 初级敏捷障碍赛 —— 携手爱宠，解锁新技能，共度欢乐时光。 🌟 2024皇家杯 —— 不见不散，一起加入这场宠物界的盛宴 🎟 福利时间：评论区留下你的十一IP， 阿皇送你免费家庭票，限量10张，先到先得！ #RoyalCaninCup2024 #宠爱王国 #CKU本部展 #宠物爱好者 #赛犬 #敏捷障碍赛,2024-10-10,images_user/67079120000000001902fca3.jpg,avatars_user/67079120000000001902fca3.jpg,赞,8.5万,2.2万,21,N/A,/user/profile/5c03825e000000000500e9ce/67079120000000001902fca3?xsec_token=ABasKtleWXR1O9jzVOIqUbNlshNLdu5jnebA5QDC0fdkM=&xsec_source=pc_user
6707829e000000001b021b8f,皇家宠物食品,28,共 12 条评论,十万个“喂”什么｜宠物也要戒碳水❓,吃碳水对宠物来说有好处吗？ 听说毛孩子吃了碳水会诱发糖尿病是不是真的？ 毛孩子吃了碳水会不会消化不好呀？ …… 养宠路上总是伴随着很多疑惑 特别是关于喂养的问题更是重中之重‼️ 今天阿皇就来带大家揭开碳水化合物的神秘面纱✋ 学会科学喂养，引领毛孩子健康茁壮成长～ #皇家#皇家猫粮 #养猫经验分享 #新手养猫  #新手养狗#宠物知识 #科学喂养 #十万个喂什么,2024-10-10,images_user/6707829e000000001b021b8f.jpg,avatars_user/6707829e000000001b021b8f.jpg,赞,8.5万,2.2万,21,blob:https://www.xiaohongshu.com/e2bd8bba-495a-4c20-b511-143b6e9d481f,/user/profile/5c03825e000000000500e9ce/6707829e000000001b021b8f?xsec_token=ABasKtleWXR1O9jzVOIqUbNkC6DblvPS_cBnAb3HPqaV8=&xsec_source=pc_user
66fb7a5f000000001902f1d5,皇家宠物食品,38,共 90 条评论,世界这么大！它们也想去看看🐱🐶,令人心动的国庆假期终于到来啦！ 是去哪里玩 快来和阿皇分享一下🙋‍♀️ - 不知道大家是不是跟阿皇一样 自从养宠之后 无论去哪儿都想带上它们一起 那些眼中的山川河流也能与它们共享⛰️ 	 宠物的一生只有短短的几十年 希望他们的记忆里都是快乐美好的时光! 也许是在不同的花香里快乐的打滚🌸 也许是在海里踏浪🌊在草地里寻宝 也许.......... - 晒出你家萌宠的国庆出游图 阿皇准备了惊喜好礼准备送给开心的猫猫狗狗们 想要的在评论区举手🙌 #皇家 #皇家猫粮 #户外遛猫 #带猫出门 #宠物出行 #福利活动 #宠粉活动 #国庆节 #国庆出游,2024-10-01,images_user/66fb7a5f000000001902f1d5.jpg,avatars_user/66fb7a5f000000001902f1d5.jpg,赞,8.5万,2.2万,21,N/A,/user/profile/5c03825e000000000500e9ce/66fb7a5f000000001902f1d5?xsec_token=ABvRMNxKaxRpB6Z8RcONPkPw2LuiLeZe5v-r89xiFBkwo=&xsec_source=pc_user
66f65aae000000001b0221c9,皇家宠物食品,39,共 109 条评论,你家小猪咪多重啦？绝育后体重管理了嘛！,🌟今日话题：你家小猪咪现在有多重？🐷 很多铲屎官都在问：为什么绝育后，猫咪变成了小胖猪!体重完全失控！ 👇 其实，绝育并不是罪魁祸首哦！❌ 真正的原因是👉猫咪激素分泌变化，导致行为习惯改变 比如：食欲大增、懒得动弹...😴 ❓那么，绝育后如何管理体重呢？ 1⃣ 根据身体消耗，调整喂食量 2⃣ 每天至少半小时的锻炼时间 3⃣ 换成蛋白含量适中的配方粮，试试绝育配方粮吧 🎁今天有福利！ 👇 分享你家小猪咪的体重 或绝育后的体重管理秘诀 就有机会获得皇家成猫绝育全价配方粮一份哦！ 让它来帮你的小猪咪保持好身材吧~💪 #皇家猫粮#皇家宠物#皇家绝育粮 #猫咪绝育 #猫咪体重 #猫咪体检 #养猫经验分享 #小猫咪的呵护 #我的宠物真可爱 #宠物知识,2024-09-27,images_user/66f65aae000000001b0221c9.jpg,avatars_user/66f65aae000000001b0221c9.jpg,赞,8.5万,2.2万,21,N/A,/user/profile/5c03825e000000000500e9ce/66f65aae000000001b0221c9?xsec_token=ABJAQ4djexFP7iFAXTg-FJp5RstMVtGdWkynZaslb1FX0=&xsec_source=pc_user
66f538cf000000001902e2ba,皇家宠物食品,25,共 34 条评论,秋天的第一杯奶狗你get了吗？,🍂秋天到啦！ 最近都在流行“秋天第一杯奶茶” 要阿皇说，哪有秋天的第一只奶狗香！ 软乎乎的小狗到家真的心都要化了🥰 - 幼猫幼犬可以有多乖多可爱🐶 相信大家比我更有发言权！ 分享你家奶狗奶猫到家的照片或故事 揪5个新手铲屎官送出《幼猫幼犬百科全书》一份📖 - 	 还有更多有趣的活动和好礼在活动页👇 活动玩法：站内搜索🔎#幼猫幼犬百科全书  ，进入专属H5活动页面完成每日打卡任务赚积分即有机会参与积分许愿兑换限定好礼💝 🎁惊喜好礼： 1、皇家幼猫干湿搭配组合装，K36 2kg*1＋幼猫奶罐*1，共100份 2、皇家幼犬干湿搭配组合装，MIJ31 2kg*1＋幼犬奶罐*2，共100份 3、幼猫幼犬百科全书，共100份 - 📅活动时间：2024年9月20日-10月19日 ⏰开奖时间：2024年10月20日12点 阿皇带着礼品在活动页等待大家参与~ #皇家 #幼猫幼犬百科全书  #皇家狗粮 #皇家猫粮  #宠粉活动  #养宠经验 #幼犬喂养,编辑于 2024-10-07,images_user/66f538cf000000001902e2ba.jpg,avatars_user/66f538cf000000001902e2ba.jpg,赞,8.5万,2.2万,21,N/A,/user/profile/5c03825e000000000500e9ce/66f538cf000000001902e2ba?xsec_token=ABKhlLiqIA3BlL_0SPl6ppq3oPqXU9ay0obcrcfA8PVOg=&xsec_source=pc_user
66f0cd6f000000001e018246,皇家宠物食品,66,共 124 条评论,看肉垫测性格？你家猫咪准不准！,打工人的专属解压神器来啦 快捏捏你的专属肉垫🐾去除一周班味儿 软糯糯的肉垫 请晒出一起欣赏🥰 	 顺便看看肉垫形状和猫猫性格~ 对照图2-图8，看看你家猫符不符合这些小特征🔍 也给皇讲一讲ta们的性格发生过什么搞笑的小故事 	 🎁不白听！呈上猫粮！ 皇会在评论区随意抓取幸运肉垫哦 铲屎官们，快来分享肉垫或分享猫咪的趣事儿~ #猫咪肉垫看性格#一张图证明你家猫猫很可爱#皇家宠物#皇家猫粮#我的宠物好可爱#宠粉福利#猫咪性格 #养猫经验分享,2024-09-22,images_user/66f0cd6f000000001e018246.jpg,avatars_user/66f0cd6f000000001e018246.jpg,4,8.5万,2.2万,21,N/A,/user/profile/5c03825e000000000500e9ce/66f0cd6f000000001e018246?xsec_token=AB0uQ2IEvZt5lMMl1p7vSOg0LHIELdw2xojAudqC_nSIA=&xsec_source=pc_user
66eecfb400000000120106a4,皇家宠物食品,107,共 193 条评论,秋天的第一包猫粮🍂皇家包的！👌,秋分，意平分昼夜，半分秋色 代表着一年的秋天正式到来 早晚的凉意也在不觉间悄然增添🌬️ - 不仅咱们铲屎官要喝“秋天的第一杯奶茶”🧋 猫猫也要秋天的第一包猫粮！ 这不，霸道阿皇在线宠粉~🎁 - 活动内容： 换季往往伴随着气候的变化无常 猫咪本就敏感的肠胃可能会更加不安分 那么“如何keep住健康肠胃呢？” 诚邀各位铲屎官分享换季养猫秘诀📒 有机会获得阿皇准备的猫粮大餐一份哦！ #皇家 #皇家猫粮 #新手养猫 #养猫经验分享  #宠粉福利  #秋分  #秋天换季,2024-09-21,images_user/66eecfb400000000120106a4.jpg,avatars_user/66eecfb400000000120106a4.jpg,1,8.5万,2.2万,21,N/A,/user/profile/5c03825e000000000500e9ce/66eecfb400000000120106a4?xsec_token=ABflu4zVzibeUrbJWi8JutnemVDE3ueai6HvTXmVDVUYA=&xsec_source=pc_user
66ecf3060000000012012948,皇家宠物食品,76,共 41 条评论,真的有❗养宠人自己的百科全书📖速戳,一人一猫一犬🐾 和它们在一起，幸福从此具像化💕 可是...时间久了⌛ 🍚毛孩子食欲减退，便便进入亚健康 🐶身体总是软弱无力，免疫力低下 实在把新手家长们😣弄的不知所措😕 没关系❗@皇家宠物食品  帮你和小可爱们双向奔赴～ 全力打造#幼猫幼犬百科全书 📖 拒绝养宠焦虑！❌ 想知道的养宠知识，在这都能找到适合的答案✅ · 『 皇家宠物食品丨幼猫幼犬百科全书 』 📖活动玩法1⃣： 站内搜索🔎#幼猫幼犬百科全书 ，进入专属H5活动页面，完成每日打卡任务赚积分💎即有机会参与积分许愿兑换限定好礼💝～ 🎁惊喜好礼： 1、皇家幼猫粮套装，K36 2kg一包＋2个幼猫奶罐，共100份 2、皇家幼犬干湿搭配组合装，MIJ31 2kg*1＋幼犬奶罐*2，共100份 3、幼猫幼犬百科全书，共100份 📅活动时间： 2024年9月20日-10月19日 ⏰开奖时间： 2024年10月19日12点 · @皇家宠物食品 专研免疫，守护新生🐱 · Follow @萌宠幼儿园  ，可爱的样子这里都有 想成为被翻牌的下一只萌宠吗，欢迎分享你家宝贝并@园长哦！ #幼猫幼犬百科全书 #皇家 #皇家猫粮 #皇家狗粮 #宠粉活动 #养猫经验分享 #幼犬喂养,编辑于 2024-10-09,images_user/66ecf3060000000012012948.jpg,avatars_user/66ecf3060000000012012948.jpg,赞,8.5万,2.2万,21,N/A,/user/profile/5c03825e000000000500e9ce/66ecf3060000000012012948?xsec_token=AB0r-2c5wluvMCyPS46qXQ7_z5VGwIaNZf9Ys38LsuowA=&xsec_source=pc_user
66e8117d000000001e0181a0,皇家宠物食品,63,共 118 条评论,中秋团圆带猫猫回家赏月啦！🌕,中秋佳节来临！ 阿皇在此祝大家中秋安康~ - 作为中国的传统节日 中秋已经延续了千百年 成为与家人“阖家团圆”的精神指向 仲秋之夜将古时与现代交汇 阿皇望着窗外的月亮🌕 在此申请成为各位的“赏月搭子” - 	 活动玩法： 晒出猫咪赏月图/猫咪的中秋专属大餐 揪3名幸运鹅 #皇家 #皇家宠物#皇家猫粮 #家有萌宠 #我的萌宠  #中秋节 #中秋节活动  #宠粉福利,编辑于 2024-09-17,images_user/66e8117d000000001e0181a0.jpg,avatars_user/66e8117d000000001e0181a0.jpg,赞,8.5万,2.2万,21,N/A,/user/profile/5c03825e000000000500e9ce/66e8117d000000001e0181a0?xsec_token=ABD899bszAc3oN-kVhnpn_HNOgQKjFWL0YOsvnPgWMpPQ=&xsec_source=pc_user
66e53ffd000000001e01a272,皇家宠物食品,11,0,皇家携宠友好出行-青海湖之旅⛰️,🚀【皇家携宠友好出行-青海湖之旅】今日启程！毛孩子们体检完毕，健康出发！ #皇家携宠友好出行 #带宠去医院  #皇家处方粮  #情绪舒缓粮旅行没负担 #精准营养长久陪伴,2024-09-14,images_user/66e53ffd000000001e01a272.jpg,avatars_user/66e53ffd000000001e01a272.jpg,11,8.5万,2.2万,21,blob:https://www.xiaohongshu.com/775e37d5-2e0e-4f99-94fd-929fcef1f3dc,/user/profile/5c03825e000000000500e9ce/66e53ffd000000001e01a272?xsec_token=AB0AGPiMzs5ZO-6ny4xC7XRRp8It56qo5rjqFgLDXOdag=&xsec_source=pc_user
66e530d5000000000c01ae7f,皇家宠物食品,17,共 20 条评论,猫尿闭？专业人士来支招📢,大家都知道猫尿闭有多可怕吧！ 但猫咪不会说话，铲屎官们也容易误判😿 今天我们来聊聊“猫尿闭的经验帖” 	 老规矩，分享有礼🎁，奉上&lt;泌尿呵护成猫全价粮&gt; 一起守护猫咪的泌尿健康💖 	 🔍猫尿闭的症状，你知道多少？ 皇先来分享： 尿团非常小，但上厕所频繁🚽 排尿痛苦甚至会嚎叫😿 膀胱发硬，按压时猫咪疼痛😢 	 那么，作为铲屎官如何帮猫猫预防呢？ 多给猫咪喝水💧 换成泌尿猫粮，帮助嘘嘘正常! 适当运动避免肥胖，保持健康! 	 除了这些，你还有什么妙招吗？ 大声说出你对猫尿闭的经验吧！📢 带上你家可爱的猫猫，让ta们自己赢猫粮哦 有了专业人士的经验 铲屎官们，赶紧埋头学! #皇家猫粮#皇家泌尿处方粮 #猫尿闭#猫咪健康 #处方粮 #铲屎官必备#养猫经验分享 #新手养猫 #猫咪生病 #养猫经验分享,2024-09-14,images_user/66e530d5000000000c01ae7f.jpg,avatars_user/66e530d5000000000c01ae7f.jpg,赞,8.5万,2.2万,21,N/A,/user/profile/5c03825e000000000500e9ce/66e530d5000000000c01ae7f?xsec_token=AB0AGPiMzs5ZO-6ny4xC7XRb4Nkl9OpvijjEc9NgPIiAc=&xsec_source=pc_user
66e3b6960000000012013f08,皇家宠物食品,562,共 8 条评论,“带宠去医院”纪录片第二期,皇家联合上海日报发布“带宠去医院”系列纪录片第二期——《猫岛，流浪毛孩的庇护所》，倡导TNR科学救助，共同奔赴一个更温暖有爱的人宠和谐社会！#皇家宠物#带宠去医院#宠物纪录片#我家宠物好可爱 #皇家猫粮 #皇家狗粮 #宠物健康,2024-09-12,images_user/66e3b6960000000012013f08.jpg,avatars_user/66e3b6960000000012013f08.jpg,赞,8.5万,2.2万,21,blob:https://www.xiaohongshu.com/bf2859a9-54ae-4b9a-9aca-0bc5ce37037e,/user/profile/5c03825e000000000500e9ce/66e3b6960000000012013f08?xsec_token=ABprbSoaV7q4DiaVDWKLGR7I_v0UkrRuvB2UYwNLpc9dE=&xsec_source=pc_user
66e2ba10000000001e019adb,皇家宠物食品,20,共 21 条评论,呵护喵星人，体检赢盲盒！🎁,🐾快想想家里猫咪有多久没体检了？ 🐱猫咪的健康是头等大事，定期带猫体检可以让我们及时了解猫咪的身体情况，提前发现潜在的健康风险！ - 💖今天阿皇给大家带来免费的带猫体检福利啦！ ⏰2024.9.13-2024.9.27期间 💎天猫皇家处方粮官旗入会，可尊享包含价值288元宠物体检权益的限量入会礼包🎉 💎【江浙沪地区】铲屎官带猫到指定合作医院核销完成体检，还可抽取卓大王限量新品-我的小猫系列盲盒呦~🎉 *具体合作医院详见海报，具体体检权益项目可咨询官旗店铺客服：回复关键词【皇家带猫体检】 无法前往指定医院的宝子们也不要遗憾~ 💎新入会也可享皇家价值288元体检权益，🎁还有店铺【下单抽】/【满额赠】小猫盲盒呦~ - 快上🍑搜索【皇家处方粮官方旗舰店】get更多惊喜！还可享执业兽医师团队在线宠物喂养1v1指导！ 🌟点赞本篇笔记，评论区分享【你和小猫体检的趣事】 9月20日我们将给评论区互动点赞🔝的【1】位幸运铲屎官，送出【卓大王-我的小猫系列搪胶毛绒盲盒*1】 收到后记得发个笔记@皇家宠物食品 @卓大王 zZoton ，晒出你拆到的小猫系列盲盒呦~ #带宠去医院 #精准营养长久陪伴 #生病就吃处方粮 #皇家处方粮#猫咪减肥 #猫咪泌尿 #卓大王就这样猫在一起,编辑于 2024-09-12,images_user/66e2ba10000000001e019adb.jpg,avatars_user/66e2ba10000000001e019adb.jpg,赞,8.5万,2.2万,21,N/A,/user/profile/5c03825e000000000500e9ce/66e2ba10000000001e019adb?xsec_token=ABEM-WV_XkDKqdr7NghDMLL9ROMo42jCRgKpoic23OvxM=&xsec_source=pc_user
66e2a0c1000000001e01a0e9,皇家宠物食品,10,0,它博集治愈之旅回顾来了!,阿皇的它博集疗愈犬治愈之旅🐶阿皇携手@首都爱护动物协会 的北京它博集之旅回顾来了!在这里我们共同呼吁铲屎官们文明养宠、科学养宠！🙌 #皇家宠物#皇家猫粮 #皇家它博集 #宠物活动 #宠物展 #亚宠展 #一定要爱护宠物,编辑于 2024-09-12,images_user/66e2a0c1000000001e01a0e9.jpg,avatars_user/66e2a0c1000000001e01a0e9.jpg,10,8.5万,2.2万,21,N/A,/user/profile/5c03825e000000000500e9ce/66e2a0c1000000001e01a0e9?xsec_token=ABEM-WV_XkDKqdr7NghDMLL0X9qzgU9V4B5TkByOiLjpI=&xsec_source=pc_user
66e03b46000000001e018229,皇家宠物食品,19,共 7 条评论,健康快乐Citywalk🦮,健康是阿皇 快乐是星巴克CJO布丁 健康快乐终于见面啦 下段旅程再见！要继续#健康快乐无比 ～ 	 #健康快乐无比 #皇家 #星巴克 #精准营养长久陪伴 #皇家猫粮 #皇家狗粮 #宠物友好 #宠物友好咖啡店,2024-09-10,images_user/66e03b46000000001e018229.jpg,avatars_user/66e03b46000000001e018229.jpg,赞,8.5万,2.2万,21,blob:https://www.xiaohongshu.com/25ed16b0-907d-431f-81ba-c871381d4002,/user/profile/5c03825e000000000500e9ce/66e03b46000000001e018229?xsec_token=ABFRhDj6Kqn_Litu00RxURIayHAX-OlV_c16csL4dSdiw=&xsec_source=pc_user
66de931a0000000012010c4d,皇家宠物食品,25,共 48 条评论,关于绝育的谣言，你还知道哪些？,这简直在危言耸听啊！ 绝育要开膛皮肚？ 公猫没必要绝育？ 绝育后寿命肯定变短了？ 绝育后再也不会发腮了？ ...... 皇听了都震惊！今天就来解答一下荒唐的绝育谣言们： 1⃣绝育要开膛皮肤？ 答：🙅‍♀ 一般切口在1cm左右，特殊情况下切口在5cm左右 2⃣公猫没必要绝育 答：🙅‍♀ 不绝育，猫可能会离家出走、增加生殖系统相关的疾病发生、寿命反而会减短！ 3⃣绝育后寿命肯定变短了 答：🙅‍♀ 没有科学依据哦！反而绝育会减少发情引发的情绪、身体问题。 4⃣绝育后再也不会发腮了 答：🙅‍♀ 绝育手术不直接影响发腮，而是绝育后身体、饮食变化而影响发腮 - 绝育后想要恢复好，注意以下几点： ◾定期运动 ，保持体重 ◾定期检查，时刻关注健康 ◾更换营养的猫粮，比如处方粮！ 	 🎉皇今天准备了👉🏻皇家绝育处方粮 给绝育猫猫们补充能量，帮助恢复身体🥰 留下你听过的谣言/绝育时遇到的问题/猫猫绝育的样子 🎁给你们安排投喂哦 #皇家猫粮#皇家宠物#猫咪绝育#养猫知识 #养猫也出教科书啦 #重视猫咪应激反应 #我的宝贝独一无二 #我的宠物真可爱 #新手养猫必备 #养猫经验分享,2024-09-09,images_user/66de931a0000000012010c4d.jpg,avatars_user/66de931a0000000012010c4d.jpg,1,8.5万,2.2万,21,N/A,/user/profile/5c03825e000000000500e9ce/66de931a0000000012010c4d?xsec_token=ABm7aHnVSfm6SL1pdXIS_O7YGkNYpUg0LNYx3vcqBn6GA=&xsec_source=pc_user
66dd8e4600000000120117af,皇家宠物食品,9,共 4 条评论,闪现北京！,站站精彩！ 站站#健康快乐无比  	 #皇家 #星巴克 #健康快乐无比 #精准营养长久陪伴 #皇家猫粮 #皇家狗粮 #宠物友好 #宠物友好咖啡店,2024-09-08,images_user/66dd8e4600000000120117af.jpg,avatars_user/66dd8e4600000000120117af.jpg,赞,8.5万,2.2万,21,N/A,/user/profile/5c03825e000000000500e9ce/66dd8e4600000000120117af?xsec_token=ABm6ZQqohwML2B5swgwMU9hGhoR5h4AkD08BOAk2RZouk=&xsec_source=pc_user
66dd341c0000000012010449,皇家宠物食品,10,共 7 条评论,广州，阿皇嚟啦！,喺度认识咗好多new friend！ 一齐#健康快乐无比 	 #皇家 #星巴克 #健康快乐无比 #精准营养长久陪伴 #皇家猫粮 #皇家狗粮 #宠物友好 #宠物友好咖啡店,2024-09-08,images_user/66dd341c0000000012010449.jpg,avatars_user/66dd341c0000000012010449.jpg,赞,8.5万,2.2万,21,N/A,/user/profile/5c03825e000000000500e9ce/66dd341c0000000012010449?xsec_token=ABm6ZQqohwML2B5swgwMU9hHAM_21P47BfaocSs2RafXQ=&xsec_source=pc_user
66dc4ead000000000c018764,皇家宠物食品,17,共 8 条评论,阿皇和新朋友们见面了！,阿皇和星巴克CJO布丁终于面基啦！ 新朋友图鉴 谢谢各位铲屎官携手毛孩子们，和阿皇在星巴克上海首家宠物友好门店碰头 让我们一起#健康快乐无比！ 	 #皇家 #星巴克 #精准营养长久陪伴  #健康快乐无比 #皇家猫粮 #我的咖啡日记 #宠物友好 #宠物友好咖啡店,编辑于 2024-09-08,images_user/66dc4ead000000000c018764.jpg,avatars_user/66dc4ead000000000c018764.jpg,赞,8.5万,2.2万,21,N/A,/user/profile/5c03825e000000000500e9ce/66dc4ead000000000c018764?xsec_token=ABlfhPYs_26n9OGqMb4_O2PKsKnDTHWa1z3tDg7E07ObU=&xsec_source=pc_user
66dc22f1000000001201191f,皇家宠物食品,21,共 7 条评论,阿皇和星巴克布丁面基时，是怎么自我介绍的？,一路守护星巴克布丁健康的，当然就是皇家啦！皇家始终以精准分阶营养，实现毛孩子和铲屎官的长久陪伴。喜欢阿皇请点赞，爱上阿皇评👑。 #健康快乐无比 活动当然还在继续啦，@布丁喵喵屋（营业版） 关注布丁，继续在星巴克解锁健康快乐多亿点～ 阿皇将持续分享和布丁的面基细节，敬请期待！ 	 #皇家 #星巴克 #精准营养长久陪伴 #健康快乐无比 #皇家猫粮 #宠物友好,2024-09-07,images_user/66dc22f1000000001201191f.jpg,avatars_user/66dc22f1000000001201191f.jpg,1,8.5万,2.2万,21,blob:https://www.xiaohongshu.com/767f1a93-fd05-46c2-9972-4e99815d2a31,/user/profile/5c03825e000000000500e9ce/66dc22f1000000001201191f?xsec_token=ABlfhPYs_26n9OGqMb4_O2PLWRPV7lAZBycZ2ZqOr2qYs=&xsec_source=pc_user
66d6ed120000000012011316,皇家宠物食品,25,共 40 条评论,大🎁来了！阿皇和星巴克CJO布丁喊你晒毛孩,🎁靓照来咯，ee们还不心动？ 阿皇再次重申！这个9月，阿皇携手星巴克CJO布丁，一起来传递健康快乐！ 	 晒萌宠get健康快乐大🎁 🕐9/2-9/6 发布笔记分享【萌宠照+你们的快乐故事】 带话题#健康快乐无比 并@皇家宠物食品 @星巴克 @布丁喵喵屋（营业版） 将有机会pick限量版「健康快乐多亿点」大🎁✖️1 	 快来晒晒你家毛孩子！ 接收TA的健康快乐📶 	 #皇家 #精准营养长久陪伴 #皇家猫粮 #皇家狗粮 #健康快乐无比 #星巴克 #咖啡 #猫窝 #猫包,2024-09-03,images_user/66d6ed120000000012011316.jpg,avatars_user/66d6ed120000000012011316.jpg,2,8.5万,2.2万,21,N/A,/user/profile/5c03825e000000000500e9ce/66d6ed120000000012011316?xsec_token=ABaOte3apK4UPuUs4xBdkN2r3lMBHc3_NXQU5Jo06HccY=&xsec_source=pc_user
66d2c9e4000000001d018583,皇家宠物食品,37,共 29 条评论,与阿皇就这样“猫”在一起🐱,皇家x卓大王 就这样“猫”在一起！ 一起呵护喵星人，联合爱宠会员礼上线啦！🎉 - ⏰活动时间：8月29日-9月27日 💎加入京东官旗店铺会员，即赠限量入会大礼包，体检券、试吃装优惠券免费送！ 🛒下单抽专属赠品，惊喜连连，满1000元加赠限量版小猫系列盲盒 💰积分兑换，超多豪礼免费兑，活动期间下单积分翻倍得 - 🌟点赞本篇笔记，评论区分享你和你的小猫趣事 老规矩，9月5日阿皇将给互动点赞🔝的【2】位幸运儿，送出【卓大王-我的小猫系列搪胶毛绒盲盒*1】 收到后记得发个笔记@皇家宠物食品 @卓大王 zZoton ，晒出你拆到的小猫系列盲盒呦~ - 上JD APP🔍【皇家处方粮官方旗舰店】发现更多活动~ #精准营养长久陪伴 #生病就吃处方粮 #猫咪减肥 #猫咪泌尿 #皇家处方粮  #卓大王就这样猫在一起,2024-08-31,images_user/66d2c9e4000000001d018583.jpg,avatars_user/66d2c9e4000000001d018583.jpg,赞,8.5万,2.2万,21,N/A,/user/profile/5c03825e000000000500e9ce/66d2c9e4000000001d018583?xsec_token=ABrzlXSeOwybzMo3Y8VQjYbHq-6CAKzVYYFQZ-hAauXok=&xsec_source=pc_user
66d15512000000001d03b399,皇家宠物食品,21,共 24 条评论,赠票来袭 | 快来它博集与阿皇一起炫起来！,京城最酷炫最skr的毛孩子在哪里？ 就在下周末！9/6-9/8它博集北京场酷炫来袭！ - 阿皇为伙伴们准备了超多惊喜👇 ①萌宠造型屋，毛孩造型升级，从街头潮到街尾 ②萌宠打卡墙，留下酷炫毛孩的珍贵大片 ③疗愈犬心愿墙，抚慰人心的疗愈犬将首次亮相！ ④必不可少的🆓试吃大礼包！ 还有更多京城特色与潮流元素的精彩碰撞！ - 9/6-9/8 阿皇在THE BOX朝外 | 年轻力中心等你来玩~ 点👍+关🐖+评论区留下毛孩照片 9/2抽幸运鹅赠🆓免费票哦！ #皇家 #皇家宠物 #它博集 #宠粉福利 #宠物友好 #宠物市集 #北京周末去哪儿 #宠物活动,2024-08-30,images_user/66d15512000000001d03b399.jpg,avatars_user/66d15512000000001d03b399.jpg,2,8.5万,2.2万,21,N/A,/user/profile/5c03825e000000000500e9ce/66d15512000000001d03b399?xsec_token=ABD2mSfHF-dJt8A36JcVC4AIEG8LWjmc7-RwUH6HHYyNI=&xsec_source=pc_user
66d03e07000000001d01acc4,皇家宠物食品,31,共 36 条评论,🐱就这样“猫”在一起！,皇家处方粮联合@寻找独角兽 @卓大王 zZoton 一起呵护喵星人，上线联合爱宠会员礼！🎉 ⏰8月29日~9月27日期间 💎加入天猫双店官旗店铺会员 🔍【皇家处方粮官方旗舰店】 🔍【寻找独角兽旗舰店】 - 🎊赢联合爱宠新会员礼⬇ 🎁会员入会大礼包 🎁下单抽奖赢小猫系列盲盒 🎁下单满1000元送小猫系列盲盒 - 🌟点赞本篇笔记，评论区分享你和你的小猫趣事 9月5日我们将给互动点赞🔝的【1】位幸运儿，送出【卓大王-我的小猫系列搪胶毛绒盲盒*1】 收到后记得发个笔记@皇家宠物食品 @卓大王 zZoton ，晒出你拆到的小猫系列盲盒呦~ 上🍑搜索【皇家处方粮官方旗舰店】get更多惊喜！还有执业兽医师团队在线宠物喂养1v1指导哦~ #精准营养长久陪伴#生病就吃处方粮 #猫咪减肥#猫咪泌尿#皇家处方粮#卓大王就这样猫在一起,编辑于 2024-08-29,images_user/66d03e07000000001d01acc4.jpg,avatars_user/66d03e07000000001d01acc4.jpg,赞,8.5万,2.2万,21,N/A,/user/profile/5c03825e000000000500e9ce/66d03e07000000001d01acc4?xsec_token=ABviyFJAa7sAZEs-zYuhC1F-N5xahVK2MCPt-hY9xe92M=&xsec_source=pc_user
66cff59f000000001d01994b,皇家宠物食品,455,共 188 条评论,阿皇为毛孩子们来派送快乐和精彩福利了！,皇家和星巴克首席快乐官布丁Chief Joy Officer 即日一同发起“健康快乐无比”活动 从专业视角 将快乐传递 	 健康快乐福利：晒萌宠GET快乐礼包 9/2-9/6 发笔记晒出你家萌宠照 并分享属于你们的快乐故事 带话题 #健康快乐无比 @皇家宠物食品  @星巴克  @布丁喵喵屋（营业版） 将有机会收到皇家与布丁的限量版“健康快乐多亿点”大礼包！ 萌宠照片还将有机会在线下展出哟～ 	 健康快乐福利：快乐无比展 一起快乐无边 到星巴克指定宠物友好门店 打卡快乐无比展 健康快乐小风扇等你来领！ 	 线下快乐无比展地点合集👇 上海·星巴克（嘉御庭店） 2024/9/7-14 北京·星巴克（日祥广场店）2024/9/8-14 广州·星巴克（锦绣香江店）2024/9/8-14 	 健康快乐福利：打卡指定门店 Get快乐礼包 9/7-9/16 打卡星巴克指定宠物友好门店 参与门店指定活动 有机会领取“健康快乐多亿点”大礼包 	 *关注星巴克CJO布丁小红薯及皇家小红薯～GET更多快乐详情吧～ 	 *活动涉及礼品限量，线上部分随机抽取（皇家共计派发50份）。线下活动及礼品详询星巴克线下指定门店，以门店解释为准。 #皇家 #皇家宠物 #健康快乐无比 #星巴克 #星巴克CJO布丁 #星巴克咖啡 #星巴克门店 #宠物活动 #宠粉福利,编辑于 2024-09-02,images_user/66cff59f000000001d01994b.jpg,avatars_user/66cff59f000000001d01994b.jpg,4,8.5万,2.2万,21,N/A,/user/profile/5c03825e000000000500e9ce/66cff59f000000001d01994b?xsec_token=ABpIObNiGW6eFaTxdJv9Lj8LGIAigEKpCw4L8rc6fK3Zg=&xsec_source=pc_user
66cee59e000000001d01a6ff,皇家宠物食品,28,共 53 条评论,拿去自查！猫咪便便暗藏的问题你造吗？🐈,当肠胃脆弱碰上换季🍂 猫猫遭罪！铲屎官操心! 有多少被猫咪“生化武器”攻击过的举手🙋‍♀ 猫咪肠道短，又是肉食动物本身很容易消化不良 加上气温变化不定抵抗力下降 软便拉稀简直是家常便饭🥲 - 阿皇总结了常见的几种便便供大家自查！ 了解原因才能真正远离猫咪玻璃胃哦👋 如果是长期软便拉稀可以试试肠道处方粮 肠胃好起来了能够解决猫咪很多生病问题~ - Tips：无法自行判断的情况，建议及时带猫猫就医！ 评论区留下你家主子的便便，康康谁最健康👀 🙌如果有问题欢迎评论区互帮互助 阿皇也为各位铲屎官准备了“成猫肠道全价处方粮” 助力猫猫健康成长~ 💬参与方式： 评论区分享猫咪肠胃困扰💩 截至9月4日中午12点，揪2名铲屎官体验！ 积极参与起来吧📣 #皇家宠物 #皇家处方猫粮 #皇家猫粮 #宠物健康  #体验官,2024-08-28,images_user/66cee59e000000001d01a6ff.jpg,avatars_user/66cee59e000000001d01a6ff.jpg,赞,8.5万,2.2万,21,N/A,/user/profile/5c03825e000000000500e9ce/66cee59e000000001d01a6ff?xsec_token=ABtlY35FFcsVMEqJcfBd_6Ei7yHIQszCd_3993We5mP_I=&xsec_source=pc_user
66c7051d000000001d0166c4,皇家宠物食品,27,共 5 条评论,皇家展位人气爆棚「直击亚宠现场」第2天❗️,今年排面拉满💯💯💯 💫皇家展位人气爆棚 🏆猫赛犬赛火热开启 🛒直播互动福利满满 ⚡️亚宠展来皇家更有看头！ 📍主展位W5B51 /室外展位C1A01 #幼猫幼犬就吃皇家 #幼猫幼犬百科全书 #精准营养长久陪伴 #亚宠展 #皇家猫粮 #皇家狗粮 #皇家幼猫粮 #皇家幼犬粮 #皇家亚宠展,2024-08-22,images_user/66c7051d000000001d0166c4.jpg,avatars_user/66c7051d000000001d0166c4.jpg,1,8.5万,2.2万,21,blob:https://www.xiaohongshu.com/db61b85d-21a3-467e-aa88-35ae01893ea4,/user/profile/5c03825e000000000500e9ce/66c7051d000000001d0166c4?xsec_token=AB3iuGC9VmZoocYGFdIhvj3PoteESj6m8fCsPWBNEkpYc=&xsec_source=pc_user
66c6a45e000000001d038617,皇家宠物食品,32,共 41 条评论,铲屎官请挑战！看看谁能第①个通关？,打工人摸鱼时间到！ 干啥都没兴趣，和本皇玩点小游戏 这局是真爱粉的比拼了 	 👁今日闯关—“看色识粮” 请帮迷路的皇家处方猫粮们 找到各自的“工作”！ 	 皇时刻蹲守评论区 看看谁最快！ 通关小能手们，有机会抽到皇家猫粮正装一份哦 #宠粉福利#皇家猫粮#皇家狗粮#皇家宠物#我的宝贝独一无二#连连看#摸鱼小游戏,2024-08-21,images_user/66c6a45e000000001d038617.jpg,avatars_user/66c6a45e000000001d038617.jpg,2,8.5万,2.2万,21,N/A,/user/profile/5c03825e000000000500e9ce/66c6a45e000000001d038617?xsec_token=ABmXszfHKkB-VN7DBzq9SEDrY0uobZ7btPSDB5F61jS6I=&xsec_source=pc_user
66c48ff0000000001d03b43d,皇家宠物食品,63,共 16 条评论,谁家亚宠展展位是手绘的？？？太牛了,哦，是我，皇家宠物食品。 周末见朋友们，阿皇等你。 #精准营养长久陪伴 #皇家 #亚宠展 #幼猫幼犬百科全书 #幼猫幼犬就吃皇家 #和小可爱碰个头,2024-08-20,images_user/66c48ff0000000001d03b43d.jpg,avatars_user/66c48ff0000000001d03b43d.jpg,赞,8.5万,2.2万,21,blob:https://www.xiaohongshu.com/5f293a9f-35f8-4a5f-ac17-565f7d863616,/user/profile/5c03825e000000000500e9ce/66c48ff0000000001d03b43d?xsec_token=ABcDdam2jV4VspCSnI7-aNLY37NTqCLdpdbmPX14LeeWs=&xsec_source=pc_user
66c40566000000001d017232,皇家宠物食品,302,共 311 条评论,🎁小心碰头 | 一大波萌宠🐱🐶好礼降落中,可爱碰头💝交个碰友 一年一度亚宠展碰头聚会开启🔛 去线下捕抓各个碰头小可爱 也别忘了线上和阿皇小可爱碰头 小猫小狗的最爱都在这里 快来接好礼吧🎁 - ⏰惊喜掉落时间: 2024年8月22日-2024年8月24日 🎁惊喜礼物清单: 1. 皇家幼猫全价猫粮50g试吃装*3/份，共560份 2. 皇家小型犬全价粮50g试吃装*3/份，共240份 - 🥳惊喜触发攻略: 小红书站内搜索🔍【幼猫幼犬百科全书】、【幼猫幼犬就吃皇家】并浏览相关笔记，即有机会获得皇家送出的萌宠好礼哦!🎁 #幼猫幼犬百科全书 #幼猫幼犬就吃皇家 #和小可爱碰个头 #亚宠展,2024-08-19,images_user/66c40566000000001d017232.jpg,avatars_user/66c40566000000001d017232.jpg,7,8.5万,2.2万,21,N/A,/user/profile/5c03825e000000000500e9ce/66c40566000000001d017232?xsec_token=ABcDdam2jV4VspCSnI7-aNLRjlgQTN7IaNc3LWH2DE_6A=&xsec_source=pc_user
66c30d31000000001d0394ff,皇家宠物食品,18,共 8 条评论,🐱猫猫狗狗🐶就吃皇家！,皇家|京东超级品牌日重磅开启! 8/19-8/25，皇家京东自营旗舰店多重惊喜等着你： 1️⃣本周末199-100大额神券👉限量抢手慢无 2️⃣0元入会建档👉超品期间各种福利叠叠乐 3️⃣提前加购👉抽取5折锦鲤 4️⃣会员满额礼👉限量冲下单699赠价值437大礼包 5️⃣皇家猫粮狗粮爆品新品👉限时秒杀价格真香 	 京东APP🔍皇家京东超级品牌日，直达活动会场哦✌️ #皇家宠物 #皇家猫粮 #皇家狗粮 #皇家超级品牌日 #我的宝贝独一无二 #猫狗日常 #养宠物必备好物 #我的宠物真可爱 #宠物用品,2024-08-19,images_user/66c30d31000000001d0394ff.jpg,avatars_user/66c30d31000000001d0394ff.jpg,1,8.5万,2.2万,21,N/A,/user/profile/5c03825e000000000500e9ce/66c30d31000000001d0394ff?xsec_token=ABX2af_XL58l28vLsCpIpDY7ZMzglp-WvQoKyuE1Q_Cwc=&xsec_source=pc_user
66c20fe2000000002503008b,皇家宠物食品,62,共 20 条评论,幼猫幼犬，就吃皇家！,皇家幼猫粮系列，专为1-12月龄幼猫定制。助免疫、亲肠胃、好消化。 #皇家 #精准营养长久陪伴 #皇家猫粮 #幼猫幼犬百科全书 #幼猫幼犬就吃皇家 #皇家幼猫粮,2024-08-18,images_user/66c20fe2000000002503008b.jpg,avatars_user/66c20fe2000000002503008b.jpg,赞,8.5万,2.2万,21,blob:https://www.xiaohongshu.com/7ab2311e-545f-43ea-8051-0f049941a44b,/user/profile/5c03825e000000000500e9ce/66c20fe2000000002503008b?xsec_token=AB5hKgxTnBZjbVdjwIUiIaD9ooixcLQcGdnKQV4KSu6kQ=&xsec_source=pc_user
66c211fc0000000025032827,皇家宠物食品,91,共 36 条评论,幼猫幼犬，就吃皇家！,皇家幼犬粮系列，专为1-15月龄幼犬定制。助免疫、亲肠胃、强骨骼。 #皇家 #精准营养长久陪伴 #皇家狗粮 #幼猫幼犬就吃皇家 #幼猫幼犬百科全书 #皇家幼犬粮,2024-08-18,images_user/66c211fc0000000025032827.jpg,avatars_user/66c211fc0000000025032827.jpg,3,8.5万,2.2万,21,blob:https://www.xiaohongshu.com/098c0bc1-8768-4316-b587-98bf225c0bce,/user/profile/5c03825e000000000500e9ce/66c211fc0000000025032827?xsec_token=AB5hKgxTnBZjbVdjwIUiIaD5jPzY6STj9ljw0Rdy8PXL4=&xsec_source=pc_user
