Post ID,Author Name,Likes,Comments,Post Title,Caption,Date Published,Images,Author Avatar,Stars,Author Collect Nr,Author Fans Nr,Author Note Nr,Video URL,User URL,Note URL
65fc36fe000000001203e168,美丽攻略,123,0,干皮抗老修护的秘密！,🌸娇兰复原蜜 其配方蕴含95%源自天然成分 	 🐝 成分 ：法国乌埃尚岛的黑蜂蜂蜜，被誉为自然界的液体黄金，它的独特修复力，能够帮助肌肤抵御外界压力，回复肌肤的紧致与光泽。加上金色微粒成分，可以改善肌肤，进行舒缓修护 	 💧 质地 ： 质地清爽的油，这款复原蜜的质地独特，一抹即化，迅速被肌肤吸收，不留油腻感，让肌肤瞬间饱满，焕发自然光泽。 	 🌟 复原蜜 不仅仅是滋润，它还能提亮肤色，改善肌肤纹理，让肌肤看起来更加年轻有活力。无论是早晚，都可以作为护肤的最后一步，锁住所有营养，让肌肤整日保持最佳状态。 	 注： 1.适合换季、暗沉疲惫的时候~ 2.也可进行妆前打底哦~ 3.油皮不建议，敏感肌建议先做敏感测试哦~ #娇兰复原蜜  #娇兰  #精华  #精华分享  #修护  #抗老  #精华油,编辑于 2024-05-21,images_keyword/65fc36fe000000001203e168.jpg,avatars_keyword/65fc36fe000000001203e168.jpg,123,5258,436,7,N/A,/user/profile/64144fde0000000011022fc6?channel_type=web_search_result_notes&parent_page_channel_type=web_profile_board&xsec_token=AB_2oB9_5lhyfl4PToy49-fHKVJ0lc_-e0jSYEsezwTjg=&xsec_source=pc_search,/search_result/65fc36fe000000001203e168?xsec_token=ABasC06U3d41WRkIL8fIes7_MPa4equLb34nqU4_I5oA0=&xsec_source=
66d5975e000000001d017f77,维鉴App,59,共 19 条评论,🌟娇兰复原蜜🔍真假鉴别,💡以下对比仅基于个人看法及相关了解 不排除个别鉴别点存在版本差异‼️ 只有此版本对比，其他版本仅供参考 请综合多个辨别点进行对比‼️ 文章实用期为3-4个月，过后请等待更新 	 1.盖子LOGO 正品盖子LOGO蜜蜂尾巴较自然 假货盖子LOGO蜜蜂尾巴较生硬 	 2.瓶身正面 正品瓶身正面字体印刷清晰 假货瓶身正面字体印刷模糊 	 3.瓶身底部 正品瓶身底部字体加深处理 假货瓶身底部字体无加深处理 	 4.盖内 正品盖内螺纹较细 假货盖内螺纹较粗 	 5.吸管头部 正品吸管头部形状与假货不一致 	 👆🏻以 上 仅 供 大 家 参 考 假货版本很多，无法一一做对比 美貌与智慧并存的小仙女们🧚‍♀️ 都知道如何辨别了吗? 我是小维，专注美妆鉴别，化妆品批号查询！！为正品保驾护航！ 我们下一期再见~ #真假辨别 #真假鉴别 #娇兰 #娇兰复原蜜 #复原蜜 #精华 #真假,2024-09-02,images_keyword/66d5975e000000001d017f77.jpg,avatars_keyword/66d5975e000000001d017f77.jpg,赞,31.1万,3.2万,21,N/A,/user/profile/5e8c3a6a000000000100afe8?channel_type=web_search_result_notes&parent_page_channel_type=web_profile_board&xsec_token=ABuZcNOcFPy8J-vP14nU8TceSk0bWU41vuWQ3JGJNlzqE=&xsec_source=pc_search,/search_result/66d5975e000000001d017f77?xsec_token=ABljJv4H4MBruoMtfmI4K9dR3qHmfxOv7w4EOhVpjjt_U=&xsec_source=
662d10a5000000000100671e,社恐的烤烤伦,3234,共 17 条评论,修护抗老天选CP！脸嫩到不像话就靠这对,娇兰坠火的两样单品：复原蜜和双效精华 还有不知道的姐妹吗❓ 分开用是王者，组合在一起就是王炸 抗老修护1+1＞2，可以不买娇兰其它东西 但是这两样一定要买，配一脸👏 敏肌抗老的难题遇上它俩都能迎刃而解啦👊 - 👉娇兰复原蜜 主打以油养肤，修护肌肤 核心成分是娇兰家的黑蜂蜂蜜+蜂皇浆 能从肌底唤醒肌肤活力，根源修护肌肤 让脆弱皮肤屏障变得厚实耐造 还有浓缩蜂蜜能维稳肌肤舒缓外界刺激 别看它是水油质地，用起来还挺润的 丝毫没有油腻厚重的感觉 - 👉娇兰双效精华 双管双效，一瓶做到两瓶精华的功效！绝了 左瓶去黄提亮，右瓶紧致抗老 成分主打天然发酵黑蜂蜂蜜 能修护皮肤屏障，提升细胞活力 复合果酸温和剥落老废角质，抛光嫩滑肌肤 还有白蜂蜜揽起去黄提亮的重任 双瓶设计挤出来的质地也很特 一边是啫喱质地，一边是轻薄乳液质地 肤感清爽，夏天用都没有负担 - ✍我一般是爽肤后就用复原蜜 用之前摇一摇，挤出来再把 里面的黄金微粒给揉开 接着再涂抹这个双效精华 坚持用效果真的出人意料的好👍 皮肤状态都稳定了许多 不会动不动就敏感红脸啦 最近经常熬夜皮肤都是紧致细腻 从内到外都透着光泽感的那种✨ #修护精华 #抗老精华 #娇兰复原蜜 #娇兰双效精华 #抗老好物,编辑于 2024-07-26,images_keyword/662d10a5000000000100671e.jpg,avatars_keyword/662d10a5000000000100671e.jpg,2,21.5万,1.6万,21,N/A,/user/profile/6613d5720000000003033319?channel_type=web_search_result_notes&parent_page_channel_type=web_profile_board&xsec_token=ABo_NPQG8hpD_Ujbt74_ctie1H_qVYaR3fIiG7abIOlto=&xsec_source=pc_search,/search_result/662d10a5000000000100671e?xsec_token=ABvuKzsCAixZ00nECLuo5JeX3R_L72myEixyxLDve_y2U=&xsec_source=
6698993c000000000d00fe91,我是云歌呀美妆,3992,共 245 条评论,六款最好用的精华液！你喜欢哪款？,兰蔻小黑瓶精华 YSL夜皇后精华 雅诗兰黛小棕瓶 娇韵诗双萃精华 海蓝之谜浓缩瓶精华 娇兰复原蜜精华 声明：排序不分先后，不拉不踩，文案都是本人使用后的感受，各有优缺点，不突出某个品牌，也不打压某个品牌，都是平等平等 #年度幸福感好物 #收缩毛孔精华 #精华推荐#精华液 #精华液推荐 #兰蔻小黑瓶 #娇韵诗双萃精华 #海蓝之谜浓缩精华 #娇兰复原蜜 #雅诗兰黛小棕瓶,2024-07-18,images_keyword/6698993c000000000d00fe91.jpg,avatars_keyword/6698993c000000000d00fe91.jpg,15,10.4万,2728,5,N/A,/user/profile/661a4ca60000000003032672?channel_type=web_search_result_notes&parent_page_channel_type=web_profile_board&xsec_token=ABG36WV3ck1tHmQV4ttdV0g-xS3BlgNsSglDebZp3Vvko=&xsec_source=pc_search,/search_result/6698993c000000000d00fe91?xsec_token=ABllriXOoniuK9hIP8tK7cRGWcZGEe3pwbiql4GqfCEtk=&xsec_source=
676a222a000000000902d01b,奶呼呼💨,24,共 5 条评论,2024新品缩毛孔精华测评分享!买对不买贵！,缩毛孔/缩毛孔精华/水杨酸精华推荐/紧致淡纹/收缩毛孔/出油长痘/精华推荐/淡纹精华/水杨酸精华/提亮精华 姐妹们现在的广告真的防不胜防！ 跟着缩毛孔精华排行榜第一名选！不踩雷就奇了怪了！过来人经验！还是好好做功课才是真！ 给大家整理出来一些精华干货！快点码住吧！ ❤️shrink水杨酸精华 ❤️兰蔻小黑瓶精华 ❤️海蓝之谜精华 ❤️雅诗兰黛精华 ❤️娇兰复原蜜精华 缩毛孔小知识 1.毛孔粗大要先保持饥饿，减轻脾胃负担 2.有时候想吃东西了，不是饿了，是缺水 3.最简单的缩毛孔方式就是不熬夜 4.每晚试试热水泡脚，加快X液循环 5.不建议吃腌制食品! 6.汗蒸，可以暴汗跟Shu通身体 7.多喝水可以提高代谢，降火 8.避免长时间服用大量ji素的药物 9.饮食结构的核心是忌辛辣。毛孔粗大无论如何都要忌辛辣 10.坚持使用缩毛孔精华改善皮肤，收敛大毛孔 感谢@菁菁老师的小宇宙 的图文授权 请@薯队长 不要误判 #收缩毛孔#水杨酸精华#水杨酸#精华液#痘痘#闭口#好物分享#精华推荐 #精华 #水杨酸#好用的水杨酸棉片 #精华分享#水杨酸棉片#水杨酸棉片一周使用几次 #怎么选精华#毛孔粗大怎么办 ＃好用精华分享#学生党必备 #精简护肤 #好用精华 #改善毛孔 #黑头多怎么办 #清完黑头如何缩毛孔 #油痘肌#闭口粉刺#痘痘#痘印#清洁毛孔#油痘肌#防晒#毛孔堵塞#国货护肤品推荐#真实测评,2024-12-23,images_keyword/676a222a000000000902d01b.jpg,avatars_keyword/676a222a000000000902d01b.jpg,赞,1177,47,21,N/A,/user/profile/65549c20000000000802d245?channel_type=web_search_result_notes&parent_page_channel_type=web_profile_board&xsec_token=ABXyRdEKqjhgJShkmwxBn2gsLVqCKDIfqBZIHZ8-3zAsA=&xsec_source=pc_search,/search_result/676a222a000000000902d01b?xsec_token=ABQDa5OTAqqGzQoLdjy6f6YeIeyhVA0R5zBEIfSPatgyw=&xsec_source=
6716976e0000000021000c2c,小金在首尔,324,共 1 条评论,肌底液(二)娇兰篇-复原蜜你用对了么?,"感觉有很多姐妹觉得复原蜜里面有黄金色小颗粒很新奇. 感觉很好用,缺不知道原来复原蜜原来是肌底液... ... #娇兰复原蜜  #美白淡斑  #护肤  #美白精华推荐  #娇兰复原蜜  #复原蜜  #娇兰黄金复原蜜  #娇兰 #iu  #娇兰黄金修护CP  #肌底液  #抗老精华  #抗氧化精华  #精华怎么用  #抗老面霜",2024-10-21,images_keyword/6716976e0000000021000c2c.jpg,avatars_keyword/6716976e0000000021000c2c.jpg,赞,7.7万,2388,21,N/A,/user/profile/6060c62400000000010026a1?channel_type=web_search_result_notes&parent_page_channel_type=web_profile_board&xsec_token=ABC4JIwqiU0EP5BK7OnxsO6zmKEFd6sGTyQtFVqJuVTUA=&xsec_source=pc_search,/search_result/6716976e0000000021000c2c?xsec_token=ABWJc1GvrtyH_RMR9VoggyAd_mSEiK0k5Gv7vwVSzOjv4=&xsec_source=
66d9813200000000250307af,骆驼爱吃鱼,397,共 41 条评论,8款风大抗初老精华液！做功课选对不烂脸,为了避免肌肤遭遇蜡黄暗沉的困扰 或者脸蛋垮垮的越看越不爽☹ 正确使用和选择精华液就至关重要咯 胡乱涂抹只会暴殄天物哦 给大家推荐几款爱用的精华液 大家按需种草！ - 🎀CEMOY微凝珠精华【修护抗老】 🎀娇韵诗双萃精华【去黄提亮】 🎀娇兰复原蜜精华【均匀肤色】 🎀YSL夜皇后精华【细腻肌肤】 🎀海蓝之谜浓修精华【强韧屏障】 #CEMOY微凝珠精华 #CEMOY #CEMOY精华 #护肤步骤 #学生党必备 #抗老精华 #平价精华 #一篇教你选对精华 #精华推荐40岁 #精华推荐 #精华推荐学生 #精华这么选  #底妆怎么服帖干净不卡粉 #修复精华 #精华干皮 #精华推荐20岁抗初老 #精华这样选不出错  #ONLY黑管精华 #修护精华 #精华推荐25岁以上 #精华敏敏肌  #YSL夜皇后精华 #娇韵诗双萃精华 #敏感肌  #精华#精华推荐35岁以上 #热门修护精华 #康佳  #抗老精华 #修丽可色修精华 #科颜氏精华 #雅诗兰黛小棕瓶精华 #退红修复精华 #敏感肌精华 #晒后修护 #护肤 #干敏皮精华 #屏障受损 #皮肤屏障受损怎么修复 #精华什么肤质适合用,2024-09-05,images_keyword/66d9813200000000250307af.jpg,avatars_keyword/66d9813200000000250307af.jpg,1,2590,82,6,N/A,/user/profile/66c94ce5000000001d02395a?channel_type=web_search_result_notes&parent_page_channel_type=web_profile_board&xsec_token=ABHbCg6iwiK09FwuRigtHPh1z3ycn9uQArfFquBemDT1c=&xsec_source=pc_search,/search_result/66d9813200000000250307af?xsec_token=ABOqIbZOP94Ly45aqqXs2NFzncG__nOoxsNh6qeKv11aQ=&xsec_source=
67471cb40000000006017189,我是云歌呀美妆,1072,共 11 条评论,不同年龄段抗老精华如何选！公主看过来,🌸18-25岁 修丽可B5精华 兰蔻小黑瓶精华 YSL夜皇后精华 雅诗兰黛小棕瓶精华 🌸25-30岁 兰蔻小黑瓶精华 资生堂红腰子精华 倩碧镭射精华 雅诗兰黛小棕瓶精华 🌸30-35岁 娇兰双管精华 娇韵诗双萃精华 娇兰复原蜜 雅诗兰黛小棕瓶精华 🌸35岁以上 娇兰复原蜜 海蓝之谜浓缩精华 科颜氏淡斑精华 SK-II 小灯泡 声明：排序不分先后，不拉不踩，文案都是本人使用后的感受，各有优缺点，不突出某个品牌，也不打压某个品牌，都是平等平等 #时尚是轮回 #不同年龄段护肤 #抗初老护肤品推荐 #护肤推荐 #精华 #精华分享 #小黑瓶精华 #小棕瓶精华 #双萃精华 #复原蜜,2024-11-27,images_keyword/67471cb40000000006017189.jpg,avatars_keyword/67471cb40000000006017189.jpg,10,10.4万,2728,5,N/A,/user/profile/661a4ca60000000003032672?channel_type=web_search_result_notes&parent_page_channel_type=web_profile_board&xsec_token=ABG36WV3ck1tHmQV4ttdV0g-xS3BlgNsSglDebZp3Vvko=&xsec_source=pc_search,/search_result/67471cb40000000006017189?xsec_token=AB5BoC1uhTgbHHDllTCcvKIwhJYtkCINgbyIXl_9B0BkQ=&xsec_source=
673eb009000000000201a7d2,美国海淘日记分享,1,0,娇兰复原蜜套装圣诞礼物,美国丝芙兰买的 美版娇兰超值套装 套装包含50ml复原蜜+15ml面霜+水40ml+7片双管精华！！ 价格太好了，送人也不错！ 	 #娇兰复原蜜 #娇兰圣诞 #娇兰套装,编辑于 2024-11-21,images_keyword/673eb009000000000201a7d2.jpg,avatars_keyword/673eb009000000000201a7d2.jpg,1,3319,991,21,N/A,/user/profile/5f12fa71000000000100352f?channel_type=web_search_result_notes&parent_page_channel_type=web_profile_board&xsec_token=AB8vC3r82w97GFjs3is1lxtSegy0QzDA2pCL5NNUha4Lw=&xsec_source=pc_search,/search_result/673eb009000000000201a7d2?xsec_token=AB_yC_-83WnoX_VTiBd0XjxW7meDy32VpmrOtSUPl3dxQ=&xsec_source=
672a2c8d000000001b02bcba,乜奇淑美妆,6,0,精华怎么选?,#娇韵诗  #娇韵诗双萃  #娇兰复原蜜  #娇兰帝皇蜂姿  #娇兰黄金复原蜜  #精华,编辑于 01-20 广西,images_keyword/672a2c8d000000001b02bcba.jpg,avatars_keyword/672a2c8d000000001b02bcba.jpg,6,260,495,8,N/A,/user/profile/66d9d969000000001b019e67?channel_type=web_search_result_notes&parent_page_channel_type=web_profile_board&xsec_token=ABOqIbZOP94Ly45aqqXs2NFxsg70_EFmLl1PwZltWAIzM=&xsec_source=pc_search,/search_result/672a2c8d000000001b02bcba?xsec_token=ABSsI1nAHLRi0hz_LMiEfPJQv6T9cb5sY_6J9tw09Sno4=&xsec_source=
670d32ef000000001b03c4b5,骆驼爱吃桃子,454,共 1077 条评论,娇兰复原蜜 是你不配,避开它姐妹们，碰都别碰！护肤界的空心大萝卜 你小子可真是一无是处。。。有一处（拿来当妆前，因为用完脸黏到离谱） 请你老实做香水口红,2024-10-14,images_keyword/670d32ef000000001b03c4b5.jpg,avatars_keyword/670d32ef000000001b03c4b5.jpg,303,1.7万,191,9,N/A,/user/profile/5956892d5e87e77ef464847f?channel_type=web_search_result_notes&parent_page_channel_type=web_profile_board&xsec_token=AB7RkcbesCIhgzxbC9s20bpJjehlffQ5oKCUb94Az45Cw=&xsec_source=pc_search,/search_result/670d32ef000000001b03c4b5?xsec_token=ABcG8rex31jFxWU31VaRGXlIarvqgcjHpGrCwIbJwx67A=&xsec_source=
6768f6ca000000000b020dd1,法国娇兰王琪-哈尔滨卓展,206,共 14 条评论,法国娇兰帝皇蜂姿系列合集,准备入手娇兰帝皇蜂姿系列，还不知道怎么选的朋友可以参考下，具体使用方式活动可以留言，一一回复#法国娇兰 #复原蜜 #娇兰 #护肤推荐 #合集,2024-12-23,images_keyword/6768f6ca000000000b020dd1.jpg,avatars_keyword/6768f6ca000000000b020dd1.jpg,1,4095,937,7,N/A,/user/profile/5a8038434eacab5ff8a5885e?channel_type=web_search_result_notes&parent_page_channel_type=web_profile_board&xsec_token=ABlaR4kkznfG38gHldTlnV4LVH1Moyppx664sovhd8jY4=&xsec_source=pc_search,/search_result/6768f6ca000000000b020dd1?xsec_token=ABXXREz_AlWMDsFkhfr3NNEL9FN4E9frtHCLCcLwHExxc=&xsec_source=
66b644c7000000000503363c,水瓶子,33,共 13 条评论,Guerlain 娇兰复原蜜使用体验分享～,#娇兰复原蜜 #娇兰帝皇蜂姿复原蜜 #娇兰 这瓶是我买的七件套盒里的，其他的全部用完了，只剩了这一瓶。这个夏天用了快俩月了，剩下如图这么多，写写体验。 	 这瓶我觉得特别适合夏天空调房的夜间作为精华使用！ 	 它的质地如图是这种油状的，但是流动性又特别好，含有这种黄金小颗粒。它的油性比娇韵诗双萃和娇兰双管要小，所以夏天用不会觉得太油，但是它又有一定的油性，夏天夜间护肤可以起到滋润皮肤的效果但又不会感觉油腻，特别完美。这些黄金小颗粒我没考证过成份，但它上脸之后轻轻搓一搓就消失了，应该是乳化掉了？ 	 总之它的保湿性和滋润度都很好，对于我一个30+的熟龄肌肤而言很合适。但冬天我会用油性更大的和滋润度更高的。 	 这款自带的滴管取用，用之前先晃晃瓶子，因为静置一会儿里面的黄金小颗粒会沉底（如图二），让这些小颗粒均匀漂浮在液体中时滴管取小半管，如图三就是我一次的用量，可以完全覆盖全脸。直接涂上脸就好。我感觉50ml很耐用，这一瓶我用了快俩月了，还剩如图这么多，半瓶不到。我觉得这就是油性精华的好处，水润精华可能用好多都还觉得不够滋润。 	 它几乎没什么味道，上脸体验感肤感都很好。价格因为我买的一套所以单瓶也不清楚。这瓶我应该是会回购哒！,2024-08-09,images_keyword/66b644c7000000000503363c.jpg,avatars_keyword/66b644c7000000000503363c.jpg,赞,1698,56,7,N/A,/user/profile/6268e245000000001000d879?channel_type=web_search_result_notes&parent_page_channel_type=web_profile_board&xsec_token=ABOBZ1ZCzpNW-zfWpqwSwOsQ19fAjx5RXSWgfI1BObdS4=&xsec_source=pc_search,/search_result/66b644c7000000000503363c?xsec_token=ABKt1fxqbUyl-g6IkrpHkubIMAtN6EFAlrxaWrSc9YgfA=&xsec_source=
66487561000000000f00fe7f,ALLNut4,252,0,永动机保持好状态？娇兰你是懂素颜好皮肤的！,#娇兰复原蜜 #护肤 #好物分享 #护肤分享 #好物推荐 #素颜,2024-05-18,images_keyword/66487561000000000f00fe7f.jpg,avatars_keyword/66487561000000000f00fe7f.jpg,252,319.7万,55.9万,3,N/A,/user/profile/5c2e9f5f00000000060136d4?channel_type=web_search_result_notes&parent_page_channel_type=web_profile_board&xsec_token=ABSLOk_foujmfGNK298zpXcPZxiklpOQ3YzwoDJwT5WKA=&xsec_source=pc_search,/search_result/66487561000000000f00fe7f?xsec_token=AB0oERJKXst2f_zf4G4nLCqbWOahq39Djfga3tcRIyIWo=&xsec_source=
644e6b39000000001301426d,昔幼爱西柚,1370,共 75 条评论,来自蜂蜜的力量！高段位修护K老好物！,作为美妆博主经常反复化妆卸妆，皮肤真的太容易崩了！ 还得靠娇兰第三代黄金复原蜜为我保驾护航！ 强大修护力，帮助皮肤更弹、更润、更亮、更显年轻！看到最后还有底妆小技巧哦~ #抗老 #精华 #修护精华 #护肤 #娇兰第三代黄金复原蜜 #自然相愈无干扰,编辑于 2023-05-04,images_keyword/644e6b39000000001301426d.jpg,avatars_keyword/644e6b39000000001301426d.jpg,3,886.5万,122.2万,6,blob:https://www.xiaohongshu.com/b8793a5c-620d-40f1-824c-24161e165a26,/user/profile/59a773b550c4b473b805203e?channel_type=web_search_result_notes&parent_page_channel_type=web_profile_board&xsec_token=ABG60Si4_Qb_gH_hrYrgp66RYSI9tx8dBomOw2kwrx8M8=&xsec_source=pc_search,/search_result/644e6b39000000001301426d?xsec_token=ABEkbaoVBx1BwbDsNy1jnGLezj6Qf0oIFoxR7iPe4H47E=&xsec_source=
67a09bcb000000001902d627,长白山的雪.,22,共 3 条评论,不要太会选!新品缩毛孔精华干万要做功课！,收缩毛孔/水杨酸精华/水杨酸酸/精华液/大毛孔/闭口/好物分享/精华推荐/毛孔粗大/大油皮/调节水油/学生党/油皮/控油/老爸测评 护肤产品中缩毛孔精华真的是必不可少的一个产品!! 是不是还有宝子不知道咋选缩毛孔精华的，为了避免宝子们踩雷！我把我这段时间把我用过的不少好用的精华总结出来给宝子们做个参考！ 🟡坤岚shrink水杨酸精华 🟡兰蔻小黑瓶精华 🟡雅诗兰黛精华 🟡海蓝之谜精华 🟡娇兰复原蜜精华 🟡娇韵诗双萃精华 毛孔粗大的原因 1.外界因素: 包括紫外线照射、环境污染、不当的护肤习惯(如使用过于刺激的护肤品)等，这些都能促使皮肤结构受损，加速毛孔粗大现象。 2.毛囊角化异常: 毛囊口处的角质细胞异常增生或角化过程出现问题，可导致毛孔开口处堵塞，形成角栓或黑头，长期以往也会促使毛孔看起来更为粗大。 3.皮脂分泌旺盛: 皮脂腺活跃，过度分泌油脂，会使得毛孔扩张以排出更多油脂，长期下来，毛孔可能难以恢复到原来的紧致状态。 	 感谢@爱怀旧的80后 图文授权分享 @薯队长 不要误判啊 #收缩毛孔#水杨酸精华#水杨酸#精华液#痘痘#闭口#好物分享#精华推荐 #精华 #水杨酸#好用的水杨酸棉片 #精华分享#水杨酸棉片#水杨酸棉片一周使用几次 #怎么选精华#毛孔粗大怎么办＃好用精华分享 #学生党必备 #精简护肤 #好用精华 #改善毛孔 #黑头多怎么办 #清完黑头如何缩毛孔 #油痘肌#闭口粉刺#痘痘#痘印#清洁毛孔#油痘肌#防晒#毛孔堵塞#国货护肤品推荐#真实测评,7 天前 河南,images_keyword/67a09bcb000000001902d627.jpg,avatars_keyword/67a09bcb000000001902d627.jpg,1,2171,16,6,N/A,/user/profile/676bd23d000000001801453e?channel_type=web_search_result_notes&parent_page_channel_type=web_profile_board&xsec_token=AB6L0upIHJipGYVsGeMjUp8X7t8K6a-jteJo5MaB6TCz0=&xsec_source=pc_search,/search_result/67a09bcb000000001902d627?xsec_token=ABnyY5JL9qIorvoQIqBOVbenMcakQkPnHsnLEBYIsZEbk=&xsec_source=
67401f590000000006014333,LK美妆科普,28,0,肌肤焕新秘籍 | 娇兰复原蜜精华✨,干皮、熬夜党必看！娇兰复原蜜精华简直是肌肤的救星🌟 	 核心亮点成分👉 法国乌埃尚岛黑蜂蜂蜜和蜂王浆，天然纯净，为肌肤注入强大修护力，有效促进胶原蛋白生成，增强肌肤屏障。 	 加上特有的黄金微珠，包裹着角鲨烷和摩洛哥坚果油等珍贵油分，一抹化水，轻推即溶，快速被肌肤吸收，深层滋润不油腻，让肌肤时刻保持水润光泽💦 	 适用人群： ✔干皮星人：深度补水保湿，告别干燥粗糙，重现肌肤细腻嫩滑。 ✔熬夜党：改善暗沉，提亮肤色，击退熬夜后的疲惫肌，焕活肌肤光彩。 ✔轻熟龄肌肤：预防和改善肌肤细纹，提升肌肤弹性，延缓肌肤衰老。 	 使用方法： 滴取 3 - 4 滴复原蜜在掌心，轻轻揉搓预热后，按压于脸部和颈部，由内向外轻轻按摩，直至完全吸收。可单独使用，也可滴入粉底液中，让妆容更服帖。 	 坚持使用，肌肤宛如新生，解锁肌肤年轻密码💕 	 #娇兰复原蜜  #精华推荐 #护肤好物 #每日护肤 #护肤保养 #精华分享 #精华推荐,2024-11-22,images_keyword/67401f590000000006014333.jpg,avatars_keyword/67401f590000000006014333.jpg,28,3403,721,8,N/A,/user/profile/635b6181000000001802a95b?channel_type=web_search_result_notes&parent_page_channel_type=web_profile_board&xsec_token=AB7bw5_ICLFBwy92wRBLK_T6RvALDXm1_NpgjjM--fqrg=&xsec_source=pc_search,/search_result/67401f590000000006014333?xsec_token=ABtaVgsMONH0TVfbHMGSdE79fAngOrQo78UETu79JbCGE=&xsec_source=
675ffdaf0000000013008927,痞猫,25,共 1 条评论,不服不行！根据不同肤质选精华液事半功倍！,精华/精华推荐/精华推荐干皮/精华抗初老/精华修复/精华推荐25岁以上/精华祛痘印/精华祛痘/精华敏感肌 相信每个人都想拥有令人羡慕的素颜妈生好皮，精华液在这护肤中扮演着极为关键的角色。但市场上精华液种类繁多，依据自身肤质进行抉择，才是实现高效护肤的核心策略。面对琳琅满目的精华，如何才能精准选择，达到事半功倍的效果呢？ ✅我总结了几种不同皮肤问题的精华选择～ 🔥干性肌肤往往因水分不足，容易产生细纹，选精华时要着重关注其保湿与滋润功效 🔥油性肌肤虽然油脂分泌旺盛，但也不能忽视抗初老。这类肌肤需要清爽不油腻的精华，提升肌肤弹性，预防早期老化迹象。 🔥敏感性肌肤在抗初老道路上更为谨慎。应挑选温和无刺激、具有舒缓修复功效的精华，像含马齿苋、积雪草等植物提取物的精华，能在抗初老的同时镇定肌肤，增强肌肤的耐受性。 🔥混合性肌肤 T 区偏油，两颊偏干，选择精华需兼顾不同区域的需求。可选用质地轻盈、分区护理效果佳的精华产品，如水油分离型精华，使用前摇匀，让不同成分在肌肤各区域发挥相应作用。 选对了适合自己肌肤的精华，就如同为肌肤的青春活力按下了“慢放键”，轻轻松松素颜美女～ -佑希集双萃精华 -OLAY淡斑精华 -海蓝之谜精华 -娇兰复原蜜精华 -城野医生377精华 -兰蔻小黑瓶精华 -倩碧镭射精华 -修丽可色修精华 #精华#精华推荐#精华推荐25岁以上#精华推荐干皮#精华抗初老#精华测评#精华敏感肌#精华液推荐#精华液推荐干皮#精华液抗初老#精华液的功效和作用#精华液推荐25岁以上抗初老#精华推荐20-25岁#精华液的功效和作用,2024-12-16,images_keyword/675ffdaf0000000013008927.jpg,avatars_keyword/675ffdaf0000000013008927.jpg,赞,2.8万,2679,9,N/A,/user/profile/6004cca00000000001008a78?channel_type=web_search_result_notes&parent_page_channel_type=web_profile_board&xsec_token=AB0DGEi9uyHtwH3Vvy8c95NTe-tfdAlh9ddwHcrlV8Do8=&xsec_source=pc_search,/search_result/675ffdaf0000000013008927?xsec_token=ABLHk9auGrC9gZ0CR-1FHsVLaIty9n-V9DYzyMCECuWfY=&xsec_source=
668b4318000000000500792b,尚姿严选集合店。,112,共 5 条评论,#娇兰复原蜜精华正确使用方法,N/A,2024-07-07,images_keyword/668b4318000000000500792b.jpg,avatars_keyword/668b4318000000000500792b.jpg,赞,1030,277,7,N/A,/user/profile/5bb890329bc81b0001ac156e?channel_type=web_search_result_notes&parent_page_channel_type=web_profile_board&xsec_token=AB0NQ_xYUwkAGyAfaEqh5uT9LIbvQn8EE9_4mWhWKzgSE=&xsec_source=pc_search,/search_result/668b4318000000000500792b?xsec_token=ABNlpihEi4glDdpOjpbeQ8_ZL_FlYooO-8MY0HgVlUqEM=&xsec_source=
669b8bc20000000025005f7f,壳壳,184,共 38 条评论,娇兰复原蜜💕真假辨别💕,今天壳壳给大家带来娇兰复原蜜真假辨别对比，方法总结在上方啦!!! 注意查收~ 每天都在努力为大家更新美妆、护肤品的真假辨别小技巧~ 下一期想看那个产品可在下方留言告诉壳壳~~ #真假鉴别 #真假辨别#鉴定#娇兰复原蜜 #娇兰复原蜜精华 #娇兰复原蜜真假 #娇兰复原蜜霜 #j娇兰复原蜜,2024-07-20,images_keyword/669b8bc20000000025005f7f.jpg,avatars_keyword/669b8bc20000000025005f7f.jpg,1,6.5万,2623,21,N/A,/user/profile/632d8df2000000002303da4b?channel_type=web_search_result_notes&parent_page_channel_type=web_profile_board&xsec_token=ABEbvtXpONjzfsYuQ6mK5nRiLGdPYNaOVXzVAfKDV4j6w=&xsec_source=pc_search,/search_result/669b8bc20000000025005f7f?xsec_token=ABCN0It7m-YAtSm80lebCfb8_qNn85SJoI8RTPFgJ41Ww=&xsec_source=
66e131b50000000027004806,秋虎小样儿,16,共 2 条评论,干皮换季问题肌救星❗️娇兰复原蜜,换季了，干皮宝子们还好吗❓ 干痒、泛红、起皮都找上门来了吗 每到这个时候，就是娇兰黄金复原蜜该登场了 它是超强保湿补水修复的精华 水感质地，上脸皮肤就能得到即可舒缓保湿 #娇兰复原蜜 #娇兰帝皇蜂姿 #娇兰复原蜜精华 #娇兰复原蜜小样 #娇兰第三代黄金复原蜜 #娇兰黄金复原蜜使用方法 #娇兰小样 #娇兰黄金复原蜜,编辑于 2024-09-12,images_keyword/66e131b50000000027004806.jpg,avatars_keyword/66e131b50000000027004806.jpg,1,2.7万,6860,21,blob:https://www.xiaohongshu.com/bbb64bc8-c504-4500-be0f-04d37d1d7320,/user/profile/6447bba0000000000f004d7a?channel_type=web_search_result_notes&parent_page_channel_type=web_profile_board&xsec_token=AB0-HFzT-CBMmtTscSW_VmIk8vAsOQcJ5e0-0oBeg6ze4=&xsec_source=pc_search,/search_result/66e131b50000000027004806?xsec_token=ABxTHFsYoCsv_-bDVlQtTaMH6TdrlJXn880Ib_agt2nc8=&xsec_source=
67a4346b000000001902ecb4,一个敏,381,共 35 条评论,惊！娇兰第四代黄金复原蜜超愈升级,娇兰黄金复原蜜，说起它，真的是我梳妆台上的老顾客了 面对肌肤的突发状况，有它在手，是真能解决 不仅修护杠杠滴，抗老也不服输！ 本以为我现在用的这版已经是娇兰复原蜜的的极限了，终究是我狭隘了 这次新升级的「娇兰第四代黄金复原蜜」，真的让我一整个惊喜住了 看得出来娇兰这次可是放大招了！ 从之前的「9倍快修复」升级为第四代宣称能够「滴滴深修护，一抹快修纹」 听起来就超级心动有没有？ - 它这个升级后的改动吧， 【第四代复原蜜】精选了三重黑蜂蜂蜜作为核心成分， 三大黑蜂蜂蜜分别来自三大原生岛屿：爱尔兰康尼玛拉、法国乌埃尚岛、挪威绰斯特德。其中爱尔兰黑蜂蜂蜜、乌埃尚岛黑蜂蜂蜜可作用于表皮层的透明质酸、角质蛋白， 挪威黑蜂蜂蜜则可作用于真皮层的弹性蛋白，三大黑蜂蜂蜜强强联合可使修护信号细胞的活力提升339%！！！ 每一滴都蕴含了超丰富的营养和修护力量 修护信号细胞，它是细胞修护指挥家，通过移动到需要修护的区域，释放信号来促进肌肤自我修护。 除了三大黑蜂蜂蜜外，复原蜜还加入了独有的上品蜂王浆 肌肤的自我修护能力max，细纹、皱纹统统被ko. - 滴上一滴，你的肌肤就像是被上了一层保护罩 上脸一个小时，我这个大干皮直呼爱了，就像干瘪的海绵，kuku吸水，秒嘭弹 新升级的第四代复原蜜，不仅是干皮必备精华，更适合全肤质，简直全肤质之光 坚持用了一个月之后效果更是惊人，皮肤直接亮白了几个度 细纹很好地被抚平了~整个人都年轻了不少呢~ 皮肤也变得更加细嫩，柔软、光滑了 质地也是更加轻薄！渗透力更强，重要的是它适用于全肤质呢~ 真的不得不感叹娇兰你太能了，第三代复原蜜已经足够优秀了，第四代更是青出于蓝而胜于蓝！ 	 感谢品牌方赞助以及小红书提供的分享平台 #娇兰第四代复原蜜  #奢华护肤 #肌肤修护 #提亮紧致#三重黑蜂蜂蜜 #上品蜂王浆#抗老精华#易吸收#抗老#修护,5 天前 上海,images_keyword/67a4346b000000001902ecb4.jpg,avatars_keyword/67a4346b000000001902ecb4.jpg,赞,16.6万,5.1万,6,N/A,/user/profile/5ecceeec0000000001001113?channel_type=web_search_result_notes&parent_page_channel_type=web_profile_board&xsec_token=ABAVxQd0v1Wx7Pa06k7rrVPWmbFJYOzzyQrDQl1O6uOUc=&xsec_source=pc_search,/search_result/67a4346b000000001902ecb4?xsec_token=ABaxDruFv78U659DRmY4V6ilC_TcaopoNzahIGj9sHHlY=&xsec_source=
6794c45000000000290393f1,子子zihlism,299,共 6 条评论,z’s skincare |留子回国精简护肤,简单高效的护肤 一直都是我追寻美丽的方式 这次在纽约免税店偶遇复原蜜上新 和娇兰第四代复原蜜一起 抗老修护 状态升级~ 	 ﻿#娇兰第四代复原蜜﻿ ﻿#娇兰复原蜜﻿ ﻿#黄金复原蜜﻿ ﻿#三重黑蜂蜂蜜﻿ ﻿#修护信号细胞﻿ ﻿#修纹﻿ ﻿#抗老﻿ ﻿#机场免税店﻿ ﻿#长期主义﻿,5 天前 四川,images_keyword/6794c45000000000290393f1.jpg,avatars_keyword/6794c45000000000290393f1.jpg,赞,47.4万,9.1万,21,blob:https://www.xiaohongshu.com/7bc1bae8-b7ec-481b-b78e-83454cf0d4e7,/user/profile/5b23bc0111be1003748c2f27?channel_type=web_search_result_notes&parent_page_channel_type=web_profile_board&xsec_token=AB1KcQEHEnqh8ZenmYoP3-udqMbnEhaKJl6qbubSxYeac=&xsec_source=pc_search,/search_result/6794c45000000000290393f1?xsec_token=ABkyGM2K2fFbcmTXFFEkjGQsnOtWymB1PMBoeM30RAXto=&xsec_source=
66eaf03e000000000c019573,紫玥,53,共 6 条评论,娇兰复原蜜,娇兰复原蜜的正确用法,2024-09-18,images_keyword/66eaf03e000000000c019573.jpg,avatars_keyword/66eaf03e000000000c019573.jpg,赞,210,5,4,blob:https://www.xiaohongshu.com/867e71f3-f04b-4296-843f-39a61f3e13af,/user/profile/5a7d49c04eacab0ddbd19ecd?channel_type=web_search_result_notes&parent_page_channel_type=web_profile_board&xsec_token=AB8DCxEdUU7N4OlVpF1JVwbVet6FC5dnfJBad7D0_k0ts=&xsec_source=pc_search,/search_result/66eaf03e000000000c019573?xsec_token=ABymin6bOGvXJ0J-4BgR0bZuSuJYAK5F9bHb08_bki9RY=&xsec_source=
678cbef9000000001602930e,晚安,61,共 3 条评论,消费降级建议:精华真不值得买溢价过高的！,给姐妹们整理出来了一波不同年龄应该怎么选择抗老精华 不知道怎么选抗老精华的姐妹速速码住啦！ - ✅16～24岁：一般做好基础的补水保湿工作，以及根据自身情况选择带有抗初老效果的精华。油皮和痘肌注意油脂的分泌。选择舒缓类的精华！ ✅25～34 岁：很多宝子已经开始了打工人的日常，熬夜或者压力大皮肤容易不稳定，这个时候面部的胶原蛋白流失或者出现了细纹，可以选择有抗初老效果的精华。 ✅35～45 岁： 此阶段肌肤暗沉明显，宜选含葡萄籽、烟酰胺等提亮成分且抗氧化的精华，质地滋润不油腻，焕亮肤色。 ✅45岁以上：面部可能出现松垮，法令纹等情况。可以选择含有玻色因，胜肽，A醇或者植物提取的抗老成分的精华。 - 澳莱莉葡萄籽精华——抗老紧致 娇韵诗双萃精华——紧致去黄 嘉兰杜汀保湿舒缓精华——保湿舒缓 娇兰复原蜜精华——滋养细腻 - #抗老精华#精华#热门精华#抗老精华油#好物分享#法令纹#护肤品推荐25岁以上抗老#抗老紧致护肤品推荐#抗老护肤品妈妈#精华推荐#抗老精华推荐30岁以上#精华油#美白精华#妮维雅630美白精华#娇韵诗双萃精华#澳莱莉葡萄籽精华#雅诗兰黛小棕瓶精华#ysl夜皇后精华#兰蔻小黑瓶精华,编辑于 01-19 河北,images_keyword/678cbef9000000001602930e.jpg,avatars_keyword/678cbef9000000001602930e.jpg,1,1.2万,2489,5,N/A,/user/profile/5d4c25850000000016034ce9?channel_type=web_search_result_notes&parent_page_channel_type=web_profile_board&xsec_token=ABoQlO6xj1WH1bSnyvEf83AJ8OuwaN4mOpVCOxfHHXm70=&xsec_source=pc_search,/search_result/678cbef9000000001602930e?xsec_token=ABA4Mbp5iXgo31tBWCL94dNURAW-ufmdwmCtEC-2udC8U=&xsec_source=
669b7a3d0000000025000aed,JamesHackerMP,68,共 2 条评论,老爸测评！新品抗老精华认真选不踩雷～,抗初老/抗老精华/抗老精华推荐/皱纹/细纹/法令纹/精华推荐/淡纹精华/抗皱精华 衰老是大家都不想面对又不得不面对的！！尤其是25+之后皮肤状态明显大不如前，以前的单一护肤产品已经无法满足现阶段的需求，皮肤的暗沉、松垮、敏感、干燥让人开始容貌焦虑！💌～在我自己平时整理的一些精华功课里面，挑选了一些好用的分享给大家～有适合干皮的有油皮的，还总结了抗老和去皱等等（快夸我是不是很棒） 需要的姐妹过来直接码住~ — 不同年龄的护肤重点‼ 📍年龄在20岁以下 正处于青春期，不需要在脸上用过多的护肤品应该给皮肤做减法，针对性护肤，遵循”精简护肤'原则做好补水保湿即可 📍年龄在20岁-25岁之间 这个年龄阶段的重点是抗细纹 在补水保湿的基础上可以尝试用一些功效型的产品 📍年龄在25岁-30岁之间 这个年龄阶段的重点是抗初老和抗氧化要用一些抗初老和抗氧化产品，选择有功效型的精华 📍年龄在30岁以上 这个年龄阶段的重点是抗衰老，抗氧化应该更加注重补水保湿，用一些有抗衰老成分的护肤品，还要注重内调和运动 - 下面给大家整理了一些不容易出错的热门精华，有需要的可以参考一下 #理央臻萃精华 #娇兰复原蜜精华 #ysl夜皇后精华 #海蓝之谜精华 #兰蔻小黑瓶精华 #雅诗兰黛小棕瓶精华 #抗初老#抗老精华#抗老精华推荐#抗老型精华必买 #油皮抗老精华#抗老紧致精华 #精华推荐#精华推荐学生#精华#精华液#怎么选精华#精简护肤 #好用精华#干皮#油皮#国货护肤品推荐#真实测评#好用的精华推荐#精华推荐25岁以上#精华推荐30岁以上#精华推荐35岁以上#精华推荐30岁左右#精华推荐20-25岁 #抗初老精华#抗皱精华#淡纹精华,2024-07-20,images_keyword/669b7a3d0000000025000aed.jpg,avatars_keyword/669b7a3d0000000025000aed.jpg,赞,1.1万,1411,4,N/A,/user/profile/6149b9590000000002023a4a?channel_type=web_search_result_notes&parent_page_channel_type=web_profile_board&xsec_token=ABBzhtXLOLT0oLN1DDN46Tw8ebPhvLhpEJN2hH6AthZ-8=&xsec_source=pc_search,/search_result/669b7a3d0000000025000aed?xsec_token=ABCN0It7m-YAtSm80lebCfbx2rk8TZ_CWpuYiZhW6PjBY=&xsec_source=
677d1159000000001a01d26b,春日妮妮,679,共 15 条评论,抗老精华高端局丨精华用对！妈生皮天天见！,要想皮肤看着好，抗老精华少不了！ 尤其最近天气冷了皮肤屏障变得薄弱起来 熬夜没注意保养呀，整张脸垮得跟80岁老太太似的 好在我今年还是囤到了不少好用的抗老精华 这期就给大家讲讲我的使用感受！纯干货分享！ · ▪️雅顿橘灿蛋白炮精华（院线抗老） ▪️YSL 夜皇后精华（控油提亮） ▪️娇韵诗双萃精华（平衡水油） ▪️娇兰复原蜜（滋润保湿） ▪️修丽可RBE精华 （抗氧修护） ▪️CPB钻光精华（维稳强韧） · #抗老精华 #抗氧美白 #好用的精华 #雅顿橘灿胶原炮精华 #雅顿橘灿重塑精华  #雅顿橘灿重塑面霜 #YSL夜皇后精华   #娇韵诗双萃精华 #娇兰复原蜜 #修丽可RBE精华 #cpb钻光精华,01-09,images_keyword/677d1159000000001a01d26b.jpg,avatars_keyword/677d1159000000001a01d26b.jpg,赞,44.8万,5.3万,21,N/A,/user/profile/5d2ddf080000000011001168?channel_type=web_search_result_notes&parent_page_channel_type=web_profile_board&xsec_token=ABxZgb8jDy7awVRfrz-k0IoMnULLi0eX7PvrskVW9ucrI=&xsec_source=pc_search,/search_result/677d1159000000001a01d26b?xsec_token=ABUWY3vC7uH7DCjhjKlCyPFzALayRrkFmc8rF1Ru430J8=&xsec_source=
6763d3b8000000000800d71a,甜的很正经4u,153,共 17 条评论,长点心吧！新品热门抗老精华做功课才靠谱！,/精华/抗老精华/抗老精华推荐30岁以上/抗老精华推荐25岁以上/抗老精华推荐35岁以上/精华/精华推荐/精华油/初抗老精华/抗老精华排名/双11 别再傻傻跟风了 有些热门新品抗老精华用不好还会让脸泛红起皮 🙋‍♀如果你想入抗老精华那一定要注意了 根据自身需求选个适合自己的！！ 今天把用过的都整理出来了 都是真实有效的，根据自身的情况选择吧！ - ✅18岁+ 👉补水保湿 皮肤最好的年纪，做好基础的补水保湿就可以.干皮注意补水、保护皮肤屏障；油皮注意调节水油平衡、抗Y、定期去角质，不要“乱造”，为以后的皮肤打好基石。 - ✅25岁+ 👉抗氧化抗初老 皮肤进入老化初期，衰老都是从氧化暗沉开始的。所以抗氧化、预防暗沉是这个年龄段护肤的重点，可以在保湿的基础上增加一些功效型护肤品。 - ✅30岁+ 👉紧致淡纹 胶原蛋白加速流失、逐渐出现纹路。皮肤进入轻熟肌阶段，可以选择有针对性的温和抗老类产品，加强皮肤屏障的韧性。 - ✅35岁+ 👉抗皱提拉 皮肤开始干瘪粗糙、松弛失去光泽，各种真性皱纹细纹增多。进入高阶抗老阶段，护肤着重在延缓松弛、紧致提拉上，可以用一些抗老产品。 - #理央臻萃精华 #雅诗兰黛小棕瓶 #娇兰复原蜜 #赫莲娜绿宝瓶精华 #海蓝之谜精华 #抗老精华推荐25岁以上#抗老精华推荐30岁以上#抗老精华推荐35岁以上#精华推荐30岁左右#油皮抗老精华#精华推荐20岁#抗初老精华#抗老精华#抗老精华排名#双十一#双十一购物清单#双11#娇润诗双萃精华#娇韵诗双萃精华#可复美次抛精华#珀莱雅双抗精华#抗老型精华必买#油皮抗老精华#抗老紧致精华#精华推荐#精华推荐学生#精华#精华液#怎么选精华#好用精华 #干皮#油皮#国货护肤品推荐#真实测评#好用的精华推荐#抗初老#淡纹精华#抗皱精华#法令纹精华#法令纹淡化,2024-12-19,images_keyword/6763d3b8000000000800d71a.jpg,avatars_keyword/6763d3b8000000000800d71a.jpg,1,939,13,12,N/A,/user/profile/6350c1ff0000000012026f7e?channel_type=web_search_result_notes&parent_page_channel_type=web_profile_board&xsec_token=ABrpj5zZzDhUZ5YcRPCg5ooYsWzXZDw98_28b2etRzggo=&xsec_source=pc_search,/search_result/6763d3b8000000000800d71a?xsec_token=ABHDqYokY_cs3b79eLRX1kVI4DMlVE9FGnQFsemCJ18Ns=&xsec_source=
668d0b9800000000030263ea,🐰曼曼子,585,0,5瓶测了5天…就想看看哪瓶精华是混油皮天菜！,有没有人和我一样 一年四季肤质不同 冷的时候是干到爆皮的干皮 上妆卡粉不服贴 热的时候变成T区爱出油发黄 两颊干燥起皮的混油皮 妆前又必须做好保湿 但又不能太油不然就很炸裂 日常夜间会用到精华/精华油养肤之外 妆前精简护肤我也喜欢用 这五瓶算是比较热门的 用了好几年一直回购 分别说说我的使用感受！ 测了我整整五天…终于找到适合混合皮的天菜精华了，妆前用更是重量级！ - 朵梵双生精华（抗氧修护、淡纹抗老，很好平衡水油，妆前用很服帖不暗沉） 海蓝之谜奇迹精华油（修护+滋养，适合干皮 搭配面霜一起也好用） 迪奧花蜜精华（修护维稳，对偏干皮、痘肌友好） 娇兰复原蜜（保湿滋养，爆皮卡纹时油敷急救） 娇韵诗双萃（滋润提亮，充分乳化再上脸） 	 #抗老精华 #精华油 #朵梵双生精华 #娇兰复原蜜 #娇韵诗双萃 #海蓝之谜奇迹精华油 #迪奥花蜜精华 #抗氧化 #抗老  #修护,2024-07-09,images_keyword/668d0b9800000000030263ea.jpg,avatars_keyword/668d0b9800000000030263ea.jpg,585,123.1万,5万,21,N/A,/user/profile/6243fe540000000010004359?channel_type=web_search_result_notes&parent_page_channel_type=web_profile_board&xsec_token=ABZ4npLc2mdG_vAUjNXs06cZre6fpLjLVcfYGCLjYLHCc=&xsec_source=pc_search,/search_result/668d0b9800000000030263ea?xsec_token=AB1tTRN0UN0gU2NqdYTfpTAvlH7bzJ05jvcxe3p69CrjE=&xsec_source=
67371de9000000003c014374,七喜,351,共 16 条评论,25+有点小钱｜大牌精华怎么选❓,过了25岁，选择精华不能只考虑保湿 要根据自己的护肤需求来✅ 修护、抗老、提亮等等 分享几款我觉得很值得入的大牌精华， 用过才敢说真话，每一瓶都“实力派”‼️ 	 ▪️娇兰复原蜜：修护抗老｜弹润紧实｜细腻肌肤 ▪️科颜氏淡斑：美白淡印｜有效均匀肤色 ▪️YSL夜皇后：去黄提亮｜拯救熬夜暗沉 ▪️赫莲娜绿宝瓶：即刻修护｜强韧肌底｜维稳抗老 	 #精华推荐 #抗初老护肤品推荐 #护肤分享 #我的护肤日常 #护肤推荐 #爱用好物 #爱用物分享 #就这样护肤呗,2024-11-15,images_keyword/67371de9000000003c014374.jpg,avatars_keyword/67371de9000000003c014374.jpg,赞,14.3万,5.3万,5,N/A,/user/profile/5f7fd49600000000010087d2?channel_type=web_search_result_notes&parent_page_channel_type=web_profile_board&xsec_token=ABWE5YH23BGoOT1d8zxvX9-ee4d5GrK4-u7D2EMXUNNtg=&xsec_source=pc_search,/search_result/67371de9000000003c014374?xsec_token=ABx6OTlBO3B9odMP_7oZWZoKSf4XsBXohLgVb8g11A0Zg=&xsec_source=
66b47968000000000d030bd3,可可乐,73,0,内行人建议:热门新品抗初老精华液千万别乱,"作为一位在挑选精华液上踩过很多坑的人来告诉你选精华液的小诀窍：买精华液一定要看肤质看成分！！盲目跟网上的风买精华液大部分都是智商税！很容易踩雷的！花钱是小事，烂脸代价就大了！所以姐妹们在选择精华液的时候一定要提前做功课，今天给大家分享三款自用精华液，有需要的姐妹们快速码住~ #佑希集aron双萃精华液 无意间入的一款！真的超乎想象的好用。去黄提亮效果真的很不错，我一个天天熬夜追剧的夜猫子，黑眼圈都让它给我消下去了。肤感超级舒服，我一个敏感肌用着完全没问题。黄垮脸的姐妹入这个。淡纹抗老一点不输大牌。 #娇兰复原蜜精华液 质地是轻盈的水质感，很好推开和吸收。里边含有蜂蜜精华和天然酵母。可以用来紧致肌肤。夏天使用一整天也不会干。皮肤也会变得顺滑滋润。保湿很不错的一款精华。 #倩碧镭射精华液 脸上有斑点，痘印的专利up302阻断黑色素，质地有点像乳液，流动性不强，胜在吸收快。京都玉露+甘草亭酸舒缓温和,敏感肌也可以用，用了十几次,痘印基本没有了。 #精华液#精华液推荐#精华液分享#精华推荐25岁以上#抗初老精华液#去黄提亮#抗初老#提亮精华液#黄垮脸#脸色蜡黄#25岁以上抗初老#以油养肤",2024-08-08,images_keyword/66b47968000000000d030bd3.jpg,avatars_keyword/66b47968000000000d030bd3.jpg,73,60.2万,2万,7,N/A,/user/profile/64e8d7d900000000020120b2?channel_type=web_search_result_notes&parent_page_channel_type=web_profile_board&xsec_token=ABh4_cOEzdTMjiUGV1yKMIR961JEaPnbEvhgVcstakIM4=&xsec_source=pc_search,/search_result/66b47968000000000d030bd3?xsec_token=ABJCwJ7tdKdnCeF4hzMk58gkFqiOA-A7ErX0AQl1JLqt8=&xsec_source=
6796fad2000000001902f067,快乐小椰汁🥥,209,0,我的梦中情蜜让我再深爱你一次！,之前一直在用娇兰复原蜜 皮肤的变化简直就是质的飞跃 本来以为这就够厉害了 没想到现在第四代复原蜜又要来了 可以说直接“杀疯”好吗！ 升级之后的第四代复原蜜，简直是全肤质之光 	 娇兰第四代复原蜜直接升级成了三种黑蜂蜂蜜 再配上珍贵的蜂王浆，将天然成分提升到了99% 这三大黑蜂蜂蜜分别来自三大原生岛屿： 爱尔兰康尼玛拉、法国乌埃尚岛、挪威绰斯特德 其中爱尔兰黑蜂蜂蜜、乌埃尚岛黑蜂蜂蜜有效提升 作用于表皮层的透明质酸、角质蛋白， 挪威黑蜂蜂蜜则有效提升作用于真皮层的弹性蛋白， 三大黑蜂蜂蜜强强联合 可使修护信号细胞的活力提升339% 修护能力直接拉满！ 修护信号细胞，它是细胞修护指挥家， 通过移动到需要修护的区域， 释放信号来促进肌肤自我修护 	 质地上更轻薄，渗透力也更强 上脸完全没有黏腻感，轻轻一拍很快就被皮肤吸收了 而且它完全不挑肤质， 干敏皮用着很滋润，油皮也不会觉得油！ 妥妥精华里的六边形战士！ 	 感谢品牌方赞助以及小红书提供的分享平台 #娇兰第四代复原蜜#娇兰复原蜜#黄金复原蜜#精华分享#护肤#抗老精华#抗老#修护#修护信号细胞#三重黑蜂蜂蜜#抗老神器,01-26 江苏,images_keyword/6796fad2000000001902f067.jpg,avatars_keyword/6796fad2000000001902f067.jpg,209,16万,3.8万,7,N/A,/user/profile/5ff15aeb0000000001008ee2?channel_type=web_search_result_notes&parent_page_channel_type=web_profile_board&xsec_token=ABsJskVYcq_uHUYxEPWw5BxUuVrL5N7hygZApEnj3biuA=&xsec_source=pc_search,/search_result/6796fad2000000001902f067?xsec_token=AB-XtMf5tAPZmbMru9qUMaCke4ZZzC1k9_mc8cTUwMhRQ=&xsec_source=
65e741ff0000000004002650,Yami-圆小圆,1237,共 464 条评论,娇兰复原蜜适合你的肤质吗？,核心成分 黑蜂蜂蜜+蜂王浆 可以促进表皮增厚，强化皮肤屏障，同时具有很好的抗氧化和抗衰老的作用。 具有促进肌肤微循环，加快肌肤表皮更新，改善皮肤健康状态 其实这款精华油核心功效还是保湿和修护，改善不健康的皮肤状态和受损屏障。 	 不跟风，买对不买贵 #娇兰复原蜜#精华#复原蜜#护肤推荐 #护肤品,编辑于 2024-03-18,images_keyword/65e741ff0000000004002650.jpg,avatars_keyword/65e741ff0000000004002650.jpg,25,4844,670,7,N/A,/user/profile/64861a1d000000002b00aa2d?channel_type=web_search_result_notes&parent_page_channel_type=web_profile_board&xsec_token=ABmsdBObO_AuEvKFsYnlkhFlBSj4TtZs0T2jRiUSCHJBU=&xsec_source=pc_search,/search_result/65e741ff0000000004002650?xsec_token=ABZLPb9wwCtiawHZIyfVBeS4s7TBywxv_lLwQv6nbUvm4=&xsec_source=
662f6714000000001e021a7c,卡卡卡西尔,241,0,海蓝之谜奇迹精华油和娇兰复原蜜怎么选？,说起最火的2款贵妇精华油，马上蹦进脑子的就是海蓝之谜奇迹精华油和娇兰复原蜜，都坐拥海量铁粉和超高销量，相信不少姐妹都很纠结这2怎么选，一个科技护肤的🔝级大牌，一个出身豪门的国际品牌，简直是天选的冤家 今天卡卡大胆开麦，来扒扒这2款 - 【海蓝之谜奇迹精华油】 这真是我用过最好的精华油，你以为它就以油养肤，保湿滋润一下就完事了？ NO，远远不止，这款核心是抗衰，有皱纹，暗沉无光的干瘪垮脸用它仿佛久旱逢甘霖 补油补胶原，能让皮肤从里润到外，肉眼可见的干瘪回弹，饱满透亮❗ 	 ✅果然科技决定效果 奇迹精华油有神奇活性精萃和胶原新生精萃，促进胶原合成，激活细胞新生，改善脸上的沟壑，大大提升皮肤自我修护能力 ✅贵妇级别12重愈龄精华油，每用一次，就是给皮肤豪华营养大补给一次，润走干纹细纹，拉起垮脸❗ 上脸瞬间油转光，本油痘肌在春夏季节用都不觉得油腻，用前摇晃能看到百万级精华微珠，仿生皮脂膜水油配比很好吸收，感觉皮肤每一层都吃进了精华！ 脸蛋细嫩透亮，很有光泽感 - ✅用法建议 奇迹精华油和面霜1:2，比如搭配海蓝之谜奇迹面霜 在精华水/精华后，全脸涂抹油养过夜，效果加倍，第二天皮肤状态超好 - 【娇兰复原蜜】 核心蜂蜜+蜂王浆含有多酚，矿物质，氨基酸等可以修护受损，搭配黑蜂修护科技提升细胞活力，也能加速皮肤自我修护，此外锁水保湿效果也很好 	 严格来说，它不算天然精华油，成分表前几位是水，甘油，酒精，天然精华油产品配方的前几位必有植物精华油，所以我觉得它更像保湿修护精华❗ 	 ✅用下来抗老没啥感觉，但保湿滋润，提升皮肤气色和透亮度真的很不错，能感觉全脸元气不少，换季都很稳定，另外妆前用它好合适，很服帖又很轻薄！ 	 肤感水润不油腻，吸收很快，用的时候记得吸出来黄金小颗粒 ✅用法建议 早晚洗脸后第一步用，不用叠加水类产品，它足够锁水保湿啦，后续涂精华，面霜即可 - ✅ 2款如何选？ 如果是熟龄肌，皮肤干瘪松垮，有皱纹，老化痕迹多的姐妹都选主打抗老的海蓝之谜奇迹精华油 	 如果皮肤比较年轻，没有抗衰需求，但容易干燥起皮有些受损，没啥气色，想要锁水保湿又修护的精华，选娇兰复原蜜 #以油养肤#精华油#大牌精华 #以油抗衰#抗老精华#娇兰#海蓝之谜#娇兰复原蜜#海蓝之谜奇迹精华油,编辑于 2024-04-30,images_keyword/662f6714000000001e021a7c.jpg,avatars_keyword/662f6714000000001e021a7c.jpg,241,67.6万,5万,6,N/A,/user/profile/56926cb11c07df4d628faee0?channel_type=web_search_result_notes&parent_page_channel_type=web_profile_board&xsec_token=AB5Kt2fIP72Bv6rLiOw_Fg2Q8UkbrELhAkgan_8T-PaSE=&xsec_source=pc_search,/search_result/662f6714000000001e021a7c?xsec_token=AB-59y_QLOogCSEEYFYhKBcZtWZssGcaBeXzqVZr6LLTQ=&xsec_source=
6710c41b000000001b010349,美国海淘日记分享,赞,共 9 条评论,娇兰复原蜜超值套装美版美国海淘的,海淘于美国丝芙兰 套装包含50ml复原蜜+15ml面霜+水40ml+7片双管精华！！ 价格太好了，送人也不错！,编辑于 2024-11-20,images_keyword/6710c41b000000001b010349.jpg,avatars_keyword/6710c41b000000001b010349.jpg,赞,3319,991,21,N/A,/user/profile/5f12fa71000000000100352f?channel_type=web_search_result_notes&parent_page_channel_type=web_profile_board&xsec_token=AB8vC3r82w97GFjs3is1lxtSegy0QzDA2pCL5NNUha4Lw=&xsec_source=pc_search,/search_result/6710c41b000000001b010349?xsec_token=ABUQxpnR6d0acERzYmXM5JI6NLc4Z4RYvIGiGM0uTQIEY=&xsec_source=
67779912000000000900c4d4,啊超想要自律,30,共 12 条评论,用过才敢说真话！新品缩毛孔精华建议,作为一个油皮大毛孔用过的缩毛孔精华没有二十也有十几种了 这次我要大胆开麦，真的不是所有号称缩毛孔精华能够逆天改命的 今天就把用过的一些精华出了个测评，关于不同肤质该怎么选精华 也是给大家捋明白！还不知道怎么选的可以进来瞅瞅~ - 不同肤质该怎么看成分选精华—— 1.油皮（毛孔粗大粉刺闭口） 可以选择含有水杨酸、果酸、维a酸、茶树精华、白柳树皮等，这种可以控制皮肤富有疏通收缩毛孔的精华 2.干皮（皮肤干燥紧绷起皮） 可以选择含有油橄榄、玻尿酸、角鲨烷、丁二醇等，这种可以补水保湿的同时还能锁住皮肤水份的精华 3.敏皮（角质层薄容易泛红） 可以选择含有金盏花、神经酰胺、马齿苋、油橄榄等，这种可以舒缓修护强韧皮肤屏障的精华 4.熟龄肌（皮肤松垮干瘪） 可以选择含有胜肽、玻色因二、裂酵母、视黄醇等，这种可以预防皮肤胶原蛋白流失提拉紧致皮肤的精华 总结了几款给大家做个参考—— #shrink水杨酸精华 #修丽可色修精华 #科颜氏淡斑精华 #兰蔻小黑瓶精华 #娇韵诗双萃精华 #娇兰复原蜜精华 #缩毛孔精华#精华#精华推荐#精华测评#精华分享#平价精华#精华怎么选#毛孔粗大#水杨酸精华#水杨酸推荐#闭口#油皮精华#油皮护肤#水杨酸推荐#毛孔堵塞#学生党精华#水杨酸棉片#紧致#油痘肌#控油#控油精华#闭口怎么去#改善毛孔#精华成分#收缩毛孔用什么#好物分享#真实测评#年货节#清洁毛孔#去黑头收缩毛孔的正确方法#护肤小知识#秋冬护肤#成分党#精华怎么选,01-03,images_keyword/67779912000000000900c4d4.jpg,avatars_keyword/67779912000000000900c4d4.jpg,赞,2.6万,2679,8,N/A,/user/profile/6415d0e00000000012013f0b?channel_type=web_search_result_notes&parent_page_channel_type=web_profile_board&xsec_token=ABZc0a9bB1BrKqth0krDjZbFfxN6_T1AUXbWD4T1ioV6o=&xsec_source=pc_search,/search_result/67779912000000000900c4d4?xsec_token=ABiKHdN7KAEocnmlzOuOGfg04U-iA65fYoIO73g0WTxcY=&xsec_source=
66bf0147000000000d033124,Luna🌙一丁,21,共 12 条评论,空瓶🫙记｜娇兰复原蜜的金豆豆捏爆之后好黄,是真的很百搭的一款肌底精华。 是用空一瓶就会再开一瓶的肌底精华。 很实际的效果其实是没有的，但重在它不粘腻四季可用好吸收。 题外话：最后剩了一堆金豆豆，我都给搓开了。 好家伙，一手心黄黄的，超难洗。这鬼东西到底是什么！ #记录吧就现在 #复原蜜 #年度爱用 #爱用好物 #娇兰 #娇兰复原蜜 #娇兰双管精华,2024-08-16,images_keyword/66bf0147000000000d033124.jpg,avatars_keyword/66bf0147000000000d033124.jpg,11,25.8万,6.7万,8,N/A,/user/profile/648963c4000000001001dcc0?channel_type=web_search_result_notes&parent_page_channel_type=web_profile_board&xsec_token=AB6uJlPYvwS6wXX70K7QEUoM3f6maBfYUlElSt15VJIKU=&xsec_source=pc_search,/search_result/66bf0147000000000d033124?xsec_token=ABT_ZUM5vVni_Q4u1i_1SVIkbunl6KTwGw3HhN2L0hU0E=&xsec_source=
66c068ed0000000005039e8e,什么都好,6,0,娇兰复原蜜,#复原蜜 偏油状但又向水一样轻盈，没有油腻的感觉，日常吸收修护力绝绝子，复原元气肌肤，修复初老痕迹，每次使用前先摇晃瓶身，确保微珠均匀的正确用量，取两三滴在手掌搓热均匀按压面部，重复做向上推动的动作，使肌肤重现丰盈透嫩#护肤推荐 #护肤分享 #大牌美妆,2024-08-17,images_keyword/66c068ed0000000005039e8e.jpg,avatars_keyword/66c068ed0000000005039e8e.jpg,6,326,9,7,N/A,/user/profile/66b9ec56000000001d023a03?channel_type=web_search_result_notes&parent_page_channel_type=web_profile_board&xsec_token=ABDOuqsiqPj8sIHaJ4BKcyRhOkKZfvseI4W8nr9IXcBrU=&xsec_source=pc_search,/search_result/66c068ed0000000005039e8e?xsec_token=ABuo9Jzj4m35JMEzTbkUT8t117E2iw0D_5El42ykmZu3E=&xsec_source=
671901c40000000016022981,思琦,103,共 173 条评论,娇兰复原蜜三代别买千万千万别买 已踩坑,#复原蜜 #秋冬以油养肤正当时 	 二代用了有几年了 以为三代升级会更好 我的老天奶 🔥味道：打开外盒的塑料膜就闻到了一股劣质香水味，类似洗洁精的味道香精味很重，所以敏感肌姐妹不友好！心想买到假货了。 🔥质地：二代是精华或养肤油的赶脚，但不那么油腻，三代好嘛，直接是水，我反复确认了几次，没错，是水的质地，再次心想买到假货了。 🔥肤感：二代上脸有轻盈的油润感，可按摩几下后吸收，三代我是真的不知道以什么样的方式上脸，是先放手心里还是直接滴脸上，水水的，吸管拿出来就会往下滴，上脸是精华水的样子，没有按摩吸收时间，几秒就黏腻在脸上了，按压也不行按摩也不行，就这样一直在脸上黏腻着。真是崩溃😫 🔥最后：三代黏腻，黏腻，黏腻，无法叠加后续护肤品！,2024-10-23,images_keyword/671901c40000000016022981.jpg,avatars_keyword/671901c40000000016022981.jpg,15,324,20,3,N/A,/user/profile/5ce3fe84000000001803f57f?channel_type=web_search_result_notes&parent_page_channel_type=web_profile_board&xsec_token=ABWTBPV57fPM3wLbsXc0khCAjkT9k3BPNRDoWYeMHd0dY=&xsec_source=pc_search,/search_result/671901c40000000016022981?xsec_token=ABq4lYVcqp1oB_LMFNXpqUwV16-QqgZi1VKbr7K7EN1Y0=&xsec_source=
66c6d000000000001d016a78,橙子炖铁锅🥘,400,共 7 条评论,红脸蛋护肤指南—咱就是说娇兰果然是娇兰！,我感觉现在生活节奏很快 加上现在作息也不不规律 本人25+天选打工一枚经常性熬夜给老板创造经济 面部松松、敏敏发红什么的都是我的常驻嘉宾护肤路上一路跌跌撞撞 可算让我找到了一款嘎嘎好用的精华！ 它的成分真的很适合熬夜修h的V黑 修复科技 能稳定脸部皮肤状态～直接就是一瓶更比多瓶强！ 而且惊喜的是那种水润质地能够更快的帮助吸收渗透～对于干皮来说简直不要太友好 - 平时的话在手心滴几滴 然后轻松揉搓开涂在脸上简单又方便 早八也可以精致出门啦 而且粉底发干的时候也可以稍微滴一点 #抗老 #娇兰复原蜜,编辑于 2024-09-21,images_keyword/66c6d000000000001d016a78.jpg,avatars_keyword/66c6d000000000001d016a78.jpg,1,57.6万,2.2万,6,N/A,/user/profile/5f2e8f590000000001000861?channel_type=web_search_result_notes&parent_page_channel_type=web_profile_board&xsec_token=ABj2VAjA-kYj_JDZJVYeXb9xtSV1Dq6g93l05QRrMg4Ik=&xsec_source=pc_search,/search_result/66c6d000000000001d016a78?xsec_token=ABRSfcgl-kpjYEhEgsjgr2NkJdqvMdgiM0VC3f3EhvRXs=&xsec_source=
66b1b963000000002503371a,李李我呀,2406,共 34 条评论,大牌精华里的尖子生 | 你不回购算我输,相信姐妹们的梳妆台上都有许多精华吧！ 个人理解精华是非常值得投资的护肤单品 市面上的精华也是层出不穷 我这么多年用下来还是有点私藏在手上的哈哈哈 今天我就给姐妹们唠唠我无限复购的部分精华叭～ ⭕️科颜氏淡斑精华液 ⭕️迪奥花蜜粉钻精华 ⭕️娇兰复原蜜 ⭕️兰蔻小黑瓶精华 #精华推荐#精华#爱用好物#护肤推荐#精华分享,编辑于 2024-08-21,images_keyword/66b1b963000000002503371a.jpg,avatars_keyword/66b1b963000000002503371a.jpg,2,75.1万,5.4万,7,N/A,/user/profile/5ab4900011be1079586f7b53?channel_type=web_search_result_notes&parent_page_channel_type=web_profile_board&xsec_token=ABvPCOXrO7JqitgBE2QlDnJstOnmYCbPlQB23xV0MB5jA=&xsec_source=pc_search,/search_result/66b1b963000000002503371a?xsec_token=ABuQv9EHucF1B6pntGWNRdnJVWJncu-HduvIRNcHMs58o=&xsec_source=
67932f27000000001800b94e,长白山的雪.,1,共 6 条评论,经验之谈！热门缩毛孔精华别乱选！,想要选精华不踩雷的给我看😎！ 咱们在选择之前一定要搞清楚自己的肤质以及需求， 然后根据精华的功效来选择是否适合自己~ 今天就来给大家分享一下，都是我一步一个坑踩过来的 想选精华的直接码住⭕️ -shrink水杨酸精华 -娇韵诗双萃精华 -珀莱雅双抗精华 -娇兰复原蜜精华 / 🔆精华的作用有哪些～ 1️⃣抗氧化：精华液中的抗氧化成分可以减少皮肤受到环境压力和氧化损伤，同时促进胶原蛋白的合成，保持皮肤的弹性和紧致度 2️⃣抗炎和修复：精华液具有抗炎作用，可以促进皮肤的修复和愈合，为皮肤提供所需的水分和保湿效果，增强皮肤屏障的功能，防止水分流失 3️⃣美白提亮：精华液中的成分可以提亮肤色，均匀肤色，提升皮肤亮度 4️⃣收缩毛孔： 精华中的一些水杨酸、积雪草成分，可以帮助促进肌肤新陈代谢，细腻肌肤 	 @奕粥的雨 图文授权分享 @薯队长 不要误判哦～ #收缩毛孔#水杨酸精华#水杨酸#精华液#痘痘#闭口#好物分享#精华推荐 #精华 #水杨酸#好用的水杨酸棉片 #精华分享#水杨酸棉片#水杨酸棉片一周使用几次 #怎么选精华#毛孔粗大怎么办#好用精华分享 #学生党必备 #精简护肤 #好用精华 #改善毛孔 #黑头多怎么办 #清完黑头如何缩毛孔 #油痘肌#闭口粉刺#痘痘#痘印#清洁毛孔#油痘肌#防晒#毛孔堵塞#国货护肤品推荐#真实测评#老爸测评#开学季#军训#国庆节,01-24 河南,images_keyword/67932f27000000001800b94e.jpg,avatars_keyword/67932f27000000001800b94e.jpg,赞,2171,16,6,N/A,/user/profile/676bd23d000000001801453e?channel_type=web_search_result_notes&parent_page_channel_type=web_profile_board&xsec_token=AB6L0upIHJipGYVsGeMjUp8X7t8K6a-jteJo5MaB6TCz0=&xsec_source=pc_search,/search_result/67932f27000000001800b94e?xsec_token=ABn7YFmbF53BSvENJxPC8FSYXX6rVtMF5iIZu4SnGqPCQ=&xsec_source=
67a965d0000000002900c3c2,懂点成分的芋头,516,共 48 条评论,娇兰我的新护肤指南！全肤质之光,最近感觉我的皮肤就像被施了衰老咒语，直线下滑！ 泛红敏敏、熬夜脸垮等等问题都找上门了 基本上身边朋友都开始肌肤k老工作 我也发现再好用的抗老精华也有不同的侧重点，所以要买值得，更要买对适合自己的！ 其实改善皮肤衰老的根本就是选对成分，选对产品 = 感谢品牌方，让我有机会抢先试用娇兰第四代复原蜜 用了一段时间才发现这可是修护抗老界的扛把子！ 娇兰发现黑蜂蜂蜜强大的修复力 可以促进间充质基质细胞(MSC)就是修护信号细胞的迁移能力 从而恢复真表皮细胞的肌肤修护力，从根源加速肌肤自我修护！！ 能让细胞间的信号传导大跨步迈进5G高速时代 这样皮肤就能快速反应 做出修护、 紧致、淡纹的反馈 娇兰果然是你，就爱悄咪咪干大事！把看家的本领都给搬出来！ 4.0的复原蜜狠狠添加了三重黑蜂蜂蜜 分别来自爱尔兰康尼玛拉的可作用于表皮层提升透明质酸 法国乌埃尚岛的也是作用于表皮层可以提升角质蛋白 挪威绰斯特德的则作用于真皮层大大提升弹性蛋白 三大黑蜂蜂蜜强强联合可使修护信号细胞的活力提升339% 焕活肌肤的自我修护力，直达肌肤底层 全天候助力深修！更高效修护更高效抗老～ 同时还能淡化细纹，让肌肤更紧致弹润 三重黑蜂蜂蜜+上品蜂王浆结合 吸收更快，修护更深，抗老更强了，让脆弱皮肤屏障变得厚实耐造～ 里面有很多黄金微粒！奢华感满满！就像是肌肤的营养剂 带着闪耀光泽渗入肌肤，层层激发皮肤活力 比第三代渗透能力更强，质地也更加轻薄，使用起来不油不腻 真正做到了修护抗老一瓶就够！ - 坚持用下来细纹和法令纹都淡了不少！！好用！靠谱 之前用什么都觉得不够滋润。可是自从用了这瓶复原蜜，真的感觉皮肤变得又软又润！ 滋润感刚刚好，抗老精华就选这瓶再合适不过 滴滴深修护，一抹快修纹 给自己做精致护肤仪式感，超级享受~ 同时也很适合妆前打底，妆容服帖到感人！全肤质都适用！卡粉bye #娇兰第四代复原蜜#娇兰复原蜜#黄金复原蜜#三重黑蜂蜂蜜#修护信号细胞#修纹#抗老,昨天 01:10 上海,images_keyword/67a965d0000000002900c3c2.jpg,avatars_keyword/67a965d0000000002900c3c2.jpg,赞,17.6万,9万,5,N/A,/user/profile/5f0b0986000000000101d37f?channel_type=web_search_result_notes&parent_page_channel_type=web_profile_board&xsec_token=AB1gZJE9X2AWmRMvQDFtX3peC5bvUqDAXGMiDrcSN_h44=&xsec_source=pc_search,/search_result/67a965d0000000002900c3c2?xsec_token=ABxH5MNHeHjv4XuZlvDl4rgEFlHX7HXjrFG5bSG_rV8HE=&xsec_source=
6738bb8e000000001901986d,AtmBill,813,0,年度爱用精华！我可以用上一辈子！,今天这期是我觉得用个还会继续回购的几款精华，选他们出来没有任何技巧，全都靠💰买产品总结经验。 我的肤质：干敏肌，偶尔长痘。 - 倩碧302镭射瓶：美白速度又快又好的美白精华 娇韵诗双萃精华：内外源强强联合！双源强抗老！ 赫莲娜绿宝瓶：日常维稳急救舒缓的好搭子！ 娇兰复原蜜：深层保湿滋润肌底，长效锁水！ Dior花蜜精华：滋润细腻肌肤一把好手！ 雅诗兰黛小棕瓶：夜间修护好帮手！ - 最后还是那句话，千人千面，以上都是我自己的使用感受，大家理性种草！ #自用好物分享 #精华分享 #护肤 #倩碧镭射瓶 #娇韵诗双萃精华 #赫莲娜绿宝瓶 #娇兰复原蜜 #Dior小粉钻 #雅诗兰黛小棕瓶,编辑于 2024-11-22,images_keyword/6738bb8e000000001901986d.jpg,avatars_keyword/6738bb8e000000001901986d.jpg,813,347.5万,22.5万,6,N/A,/user/profile/5d43d92a000000001601e656?channel_type=web_search_result_notes&parent_page_channel_type=web_profile_board&xsec_token=ABPfoTyMa7K8Nf9UsNxGPogQ5r-PZKgfAIfNhrPugVahE=&xsec_source=pc_search,/search_result/6738bb8e000000001901986d?xsec_token=AB24d7o3udhTFXPnJx1MKXrh7yyYUXRWxJqQjCa746tuE=&xsec_source=
65bf18280000000008023c1d,一个美女而已,1009,共 70 条评论,抗老真顶流！从源头逆龄，复原元气肌肤,信我！卯足劲抗老时才知道 把肌肤元气状态拉回来，才能少走大把护肤弯路 想想，每次看别人仿佛20出头 是不是对方不仅有饱满嘭弹的脸颊 还有那种由内而外透出来的元气感！！ 所以敲黑板！！复原肌肤的元气感才是养肤抗老的关键~ - 不绕弯子打直球，跟着我用娇兰复原蜜就对了 复原元气肌肤，全看修护力够不够~ 它这一瓶通过由内而外活跃细胞状态 从根源提升肌肤的自我修护能力 直接实现9倍速修护肌底！！ 坚持用脸蛋更弹、更润、更亮都没问题！ 可以扎扎实实从肌底复原年轻元气感~ - 因为人家成分很硬核啊！ 有来自法国乌埃尚岛等4种原生纯净岛屿的优质蜂蜜哦 既含有丰富的多酚，还有丰富矿物质、氨基酸 和大量微量元素~ 再搭配上只给娇兰供应、手工采集的上品蜂王浆 这5种蜂蜜制品强强联手 直接拉满复原蜜的功效 像一台永不停歇的缝纫机 时刻“修补”肌肤！强大又高效 可以说每一滴娇兰复原蜜都充满了“力量” 再搭载升级黑蜂修护科技，加强细胞间联结力， 这样一来细胞间的信号传递就更快速有效了 肌底细胞都被“喊”醒，哼哧哼哧开始干活 肌肤自我修护就变得又快又好！ 要知道娇兰花费十余年心血研究蜂蜜及其修护功效 复原蜜可以说是娇兰专研蜂蜜的心血结晶 - 一段时间用下来！！我皮肤终于有了弹弹的手感 看起来还有喝饱水的润泽状态呢 重点是继续熬夜晚睡，整张脸气色还是通透又焕亮 近看肤质更细致平滑 真能看见小干纹小细纹减淡了 平时还可以一「蜜」多用，随时滋养~ 加在粉底液里，能让底妆更服帖 混在面霜和身体乳里能更好吸收，加倍滋润修护 简直就是多场景使用的王炸单品 复原肌肤自我修护力真的是抗老硬道理！！ 都跟我加入“复原”者联盟吧 GET元气红润好肌肤 真的拒绝不了一点！ #娇兰复原蜜 #复原者联盟  #精华  #抗老  #修护#李佳琦直播间 #李佳琦38,编辑于 2024-02-29,images_keyword/65bf18280000000008023c1d.jpg,avatars_keyword/65bf18280000000008023c1d.jpg,赞,48.1万,10.4万,6,N/A,/user/profile/5f106ddb0000000001006817?channel_type=web_search_result_notes&parent_page_channel_type=web_profile_board&xsec_token=ABUa9KV7dBl6IF8WxKIMqMIVQ9cruUKGC_VWSya6HEvX0=&xsec_source=pc_search,/search_result/65bf18280000000008023c1d?xsec_token=ABlt0AA2XAN82afixo6Yz_WyXdO2PIeBHgIala0B7PiTI=&xsec_source=
65d30486000000000b016743,Makayla,60,共 6 条评论,恕我直言！这些新品祛斑精华赢麻了,听劝真的有用！新品祛斑精华千万别错过 刚好做了一些关于精华的功课 千万不要偷懒跟风，给大家推荐一下 —— 冬禾祛斑精华：平价好用的祛斑精华，效果很惊艳，能有效的淡化色斑还能均匀肤色 赫莲娜绿宝瓶精华：个人觉得比较全面的精华，临时用来急救皮肤效果也不错 娇兰复原蜜精华：不要小看这个精华，里面微闪的小颗粒能更好的滋养肌肤 肌曼禾精华：痘肌很需要一个祛痘好使的精华，这个就很百搭，长痘用它比较满意 科颜氏精华：易于延展的水质地，里面添加了酸性成分，能减少脸上的痘印 #淡斑精华#祛斑#祛斑精华#怎么祛斑#有什么精华可以祛斑#有什么精华可以有效祛斑#精华分享#祛斑淡斑#平价精华#精华推荐#如何祛斑#祛斑方法#色斑#精华#淡斑#好用的精华,2024-02-19,images_keyword/65d30486000000000b016743.jpg,avatars_keyword/65d30486000000000b016743.jpg,赞,11.6万,5184,21,N/A,/user/profile/621a2964000000001000d498?channel_type=web_search_result_notes&parent_page_channel_type=web_profile_board&xsec_token=ABcjeYC76npPmfXzY9waWSUuj61dqNtHd4ArPp12z2qks=&xsec_source=pc_search,/search_result/65d30486000000000b016743?xsec_token=ABGDvIqIeOlnQY0KzegbS3lf1Y-5o2gKYXtQofrjh7U9s=&xsec_source=
677b68220000000001003d9a,奶油月亮,186,共 12 条评论,秋冬抗老精华这波决赛圈！到底谁才是黑马？,相信姐妹们的梳妆台上都有许多精华吧！ 个人理解抗老精华是非常值得投资的护肤单品 市面上的抗老精华也是层出不穷 我这么多年用下来还是有点私藏在手上的哈哈哈 今天我就给姐妹们唠唠我无限复购的部分抗老精华叭～ - 不同年龄如何选择精华 🔷18-25岁一补水保湿、对抗初老 选含保湿成分(透明质酸、玻尿酸)和抗氧成分(维生素C)等精华，保湿肌肤水润和滋润，减少自由基对皮肤的损伤，延缓皮肤衰老的迹象 🔷 25-30岁一维稳修复、抗氧抗老 选含修复成分(胜肽、膜多糖)和抗氧成分(维生素E)精华，修复受损肌肤、增强皮肤屏障，减少自由基的产生，预防皮肤老化 🔷30-35—提拉紧致、饱满肌肤 选含提升成分(虾青素、胶原蛋白)和滋养成分(植物油、维生素A)精华，提升肌肤的紧致度和弹性，保湿肌肤饱和光滑 🔷35+—淡化细纹、抗衰抗皱 选含有抗皱成分(透明质酸、胜肽)和抗老成分(神经酰胺、胶原蛋白)精华，减少细纹、改善皮肤光泽度、提升皮肤的弹性和紧致度 - #LIYANG臻萃精华【抗老紧致】 #赫莲娜精华【修护抗老】 #娇兰复原蜜精华【滋润紧致】 #娇韵诗双萃精华【滋润紧致】 #雅诗兰黛小棕瓶精华【紧致修护】 #兰蔻小黑瓶精华【保湿修护】 #精华#抗老#OLAY#抗老精华推荐25岁以上#抗老精华推荐30岁以上#抗老精华推荐35岁以上#精华推荐30岁左右#油皮抗老精华#精华推荐20岁 #抗初老精华#抗老精华#抗老精华排名#娇润诗双萃精华#娇韵诗双萃精华#可复美次抛精华#LIYANG为胡桃泽旗下品牌#珀莱雅双抗精华#抗老型精华必买#油皮抗老精华#抗老紧致精华#精华推荐#精华推荐学生#精华#精华液#怎么选精华#好用精华 #干皮#油皮#国货护肤品推荐#真实测评#好用的精华推荐#抗初老#淡纹精华#抗皱精华#法令纹精华#法令纹淡化#精华推荐#美白精华#双萃精华,编辑于 01-06,images_keyword/677b68220000000001003d9a.jpg,avatars_keyword/677b68220000000001003d9a.jpg,赞,1.3万,2324,21,N/A,/user/profile/67710717000000001801748e?channel_type=web_search_result_notes&parent_page_channel_type=web_profile_board&xsec_token=ABW9Ux4IkYGxHwPvlVff3hfdPaRvYMqIt3APihIIQBB_I=&xsec_source=pc_search,/search_result/677b68220000000001003d9a?xsec_token=ABEmus_o0efKHgea4uRWv65Qv2WRuXvzltg20bLk0ltb0=&xsec_source=
6796fa73000000002a00d472,长岛温茶,210,共 17 条评论,救命！娇兰新版是开了什么“挂”，这么牛！,家人们谁懂啊！一到年纪，干纹细纹全冒出来了 只要一熬夜，脸上变得更加暗沉了 看到镜子里的垮脸真的是让我天天抓狂的程度了 有次被闺蜜种草了娇兰黄金复原蜜 用完感觉皮肤状态都上了一个level 结果现在又要上新第四代黄金复原蜜了 抗老修护效果更是牛掰！ - 娇兰第四代复原蜜在成分上真的下足了功夫 将里面的天然成分提升到了99% 这三大黑蜂蜂蜜分别来自三大原生岛屿： 爱尔兰康尼玛拉、法国乌埃尚岛、挪威绰斯特德 其中爱尔兰黑蜂蜂蜜、乌埃尚岛黑蜂蜂蜜有效提升 作用于表皮层的透明质酸、角质蛋白， 挪威黑蜂蜂蜜则有效提升作用于真皮层的弹性蛋白， 三大黑蜂蜂蜜强强联合 可使修护信号细胞的活力提升339% 修护信号细胞，它是细胞修护指挥家， 通过移动到需要修护的区域， 释放信号来促进肌肤自我修护 - 和老版比起来，简直是全方位进化！ 完全打破了我对精华的固有印象 上脸超级温和，一点黏腻感都没有， 感觉瞬间就被吸收了 而且它的质地更加轻薄，渗透力超强！ 关键是1滴就能强韧肌肤屏障， 用了1小时后，脸上的小细纹真的淡了一些 不管是干敏皮还是油皮都能放心用，完全不挑肤质 等新品一上市，就赶紧冲一波试试， 说不定会像我一样被它狠狠拿捏！ 	 感谢品牌方赞助以及小红书提供的分享平台 #娇兰第四代复原蜜 #娇兰复原蜜# #黄金复原蜜#修护#抗老#抗老精华#修护信号细胞#三重黑蜂蜂蜜#熬夜#加班,01-26 江苏,images_keyword/6796fa73000000002a00d472.jpg,avatars_keyword/6796fa73000000002a00d472.jpg,赞,17.2万,3.3万,5,N/A,/user/profile/5d0446ca0000000016017262?channel_type=web_search_result_notes&parent_page_channel_type=web_profile_board&xsec_token=ABDYOkXuuCdtnicJySzMHOxT3h-ooR6xcbmlAB8uJeJ_w=&xsec_source=pc_search,/search_result/6796fa73000000002a00d472?xsec_token=AB-XtMf5tAPZmbMru9qUMaCvpQ7PIXD54RF9MhtxQYCU8=&xsec_source=
6763cd3f000000000800ca04,甜心啾啾,7,共 4 条评论,不同年龄段抗老精华怎么选？选对不交,平时不做功课就跟风入手网红新品抗老精华的宝子注意啦! 千万别再抱怨你容易爆痘敏感了！ 新品抗老精华选对不选贵，可一定要做功课再入手，尤其是现在市面上的网红热门抗老精华五花八门的，瞎跟风真的容易导致脱爆痘敏感诶... 入手之前先听内行人一句劝！ 热门抗老精华选对不选贵，一定要根据自己的肤质和需求来选择哦~ 1.  干性肤质：干燥，易脱皮，少油。 2.  油性肤质：油光，毛孔大，易长痘。 3.  混合性肤质：T区油，两颊干。 4.  敏感性肤质：易红，对刺激敏感。 5.  中性肤质：水油平衡，肤质健康。 6.  老化肤质：皮肤松弛，皱纹增多。 - 好用抗老精华推荐 澳莱莉葡萄籽精华——抗老紧致 嘉兰杜汀保湿舒缓精华——保湿舒缓 娇韵诗淡斑精华——美白淡斑 娇兰复原蜜精华——滋养细腻 - #抗老精华#精华#精华油#美白精华#精华推荐#抗老精华油#抗老精华40岁以上推荐#抗老精华推荐35岁以上#抗老精华排名#护肤品推荐30岁以上#40岁抗衰老护肤品推荐#精华推荐30岁以上抗衰老#抗皱抗衰老护肤品排行榜#抗初老#抗老紧致精华#35以上抗老精华推荐#抗老精华25岁以上抗初老#娇韵诗双萃精华#珀莱雅双抗精华#兰时光油精华#修丽可色修精华#娇兰复原蜜精华#倩碧镭射美白精华#可复美次抛精华,2024-12-19,images_keyword/6763cd3f000000000800ca04.jpg,avatars_keyword/6763cd3f000000000800ca04.jpg,1,8.2万,2.3万,6,N/A,/user/profile/6592758c000000001f0128ab?channel_type=web_search_result_notes&parent_page_channel_type=web_profile_board&xsec_token=AB7Xj5Oot1KO4zM6W3zudjS8lax3ei-C1c23dweMgGBE0=&xsec_source=pc_search,/search_result/6763cd3f000000000800ca04?xsec_token=ABHDqYokY_cs3b79eLRX1kVIrAGYrsmChbUeAt4sU6xtU=&xsec_source=
67a4eecd0000000017038b3c,✨时🌙 米娅,1,0,娇兰复原蜜来啦,娇兰复原蜜升级第5代！ 全新升级第五代复原蜜精华，蕴含99%天然成分，核心蜂蜜成分来自三种黑蜂©勿，分别来自法国、爱尔兰、挪威，蕴藏强大的自我修复能力 感兴趣的宝宝们私🐈✨✨ #娇兰 #护肤品 #纽约 #法拉盛,4 天前 美国,images_keyword/67a4eecd0000000017038b3c.jpg,avatars_keyword/67a4eecd0000000017038b3c.jpg,1,286,128,5,N/A,/user/profile/5dc250050000000001003b74?channel_type=web_search_result_notes&parent_page_channel_type=web_profile_board&xsec_token=AB_8AjFcDB2wXxaKzPwF_tL1PfJpp4LnzIrv1rgrQcays=&xsec_source=pc_search,/search_result/67a4eecd0000000017038b3c?xsec_token=ABaxDruFv78U659DRmY4V6ijEawTG5XDSSjoAwnfTF8jU=&xsec_source=
67962660000000001902ff29,LX_箐 苒.,4,0,花小钱办大事！新年送妈妈护肤品被夸一整年,转眼就要过年啦，每次和妈妈视频都会收到无微不至的关心 还有时不时从家里寄来真空打包好的妈妈牌爱心菜 妈妈的爱渗透在方方面面，然而回家却发现妈妈对待自己仿佛有点“粗枝大叶” 头上新添的几缕白头发，眼周、嘴角逐渐加深的皱纹… 所以今年过节送妈妈的礼物，还是首选送妈妈护肤品！ 今天选的3个送妈妈的护肤品推荐都是身边朋友同是推荐不错的口碑实用款 每个护肤单品都hin拿得出手，送出去保准被妈妈夸一年！ 看完这篇新年送妈妈护肤品指南速速准备起来，2025年一起守护妈妈的美丽容颜～ - #玖芝精华油 GIORZIO 1986 我自己也已经用了快一瓶了~红色的包装和瓶身作为新年礼物送给妈妈再合适不过，抗老淡纹一瓶到位！把50岁妈妈们这个年龄段的肌肤需求属实拿捏得服服帖帖。滚珠设计很方便，妈妈每天早晚都用，在人参根、灵芝还有虫草的加持下，一段时间下来，妈妈皮肤上的干纹细纹淡了许多，脸部也看着比之前弹润有光泽了 #娇兰复原蜜精华 滋养型的一款精华液，油状质地，沙漠大干皮妈妈会爱不释手的款，上脸滋润好吸收，里面添加了满满的蜂王浆成分，可以给肌肤补充所需营养，滋养肌肤，让皮肤变得更加细腻起来 #馥蕾诗面霜 打开就有玫瑰花香，上脸就能感到非常滋润，哐哐的小脸补水锁水，随便稍微按摩个几下，就能被皮肤吸收干净，脸蛋会变得敲水润。 #送妈妈的礼物#送妈妈护肤品#送妈妈过年礼物#送妈妈的新年礼物#妈妈生日礼物#妈妈护肤品#妈妈护肤品推荐50岁以上#送妈妈护肤品50岁#送妈妈护肤品平价#新年送礼,01-26 福建,images_keyword/67962660000000001902ff29.jpg,avatars_keyword/67962660000000001902ff29.jpg,4,8.5万,2721,9,N/A,/user/profile/653dae45000000000d004749?channel_type=web_search_result_notes&parent_page_channel_type=web_profile_board&xsec_token=ABTUxJ9yZjpQypI1eR_ItatzYCuWjqQ4oAQC8JNnRiHY4=&xsec_source=pc_search,/search_result/67962660000000001902ff29?xsec_token=AB-XtMf5tAPZmbMru9qUMaCjf17opzo7QyNYO5E6zE5oU=&xsec_source=
664c7f3c000000000500770c,Guerlain娇兰,1211,0,元气一夏，与赵露思焕启肌肤好状态,元气夏日，焕启肌肤水润透亮好状态 法国娇兰护肤代言人@赵露思 邀你一起体验她的护肤搭档#娇兰复原蜜* 融蕴珍贵黑蜂精粹，搭载升级黑蜂修护科技** 以非凡修护力娇宠蜜润，绽放美肌 和赵露思共同恣意活力一夏,2024-05-21,images_keyword/664c7f3c000000000500770c.jpg,avatars_keyword/664c7f3c000000000500770c.jpg,1211,93.8万,20.8万,21,N/A,/user/profile/5b84c6663ff3e5000112cbb3?channel_type=web_search_result_notes&parent_page_channel_type=web_profile_board&xsec_token=ABRpzqL6PP3z-iv4dSfZh1sINPuifhIE78mwOoTBIr2HU=&xsec_source=pc_search,/search_result/664c7f3c000000000500770c?xsec_token=ABMKs6GpyeDNAqEmJDCI9wUjXCNts_mcAwNLC8JLqKah4=&xsec_source=
66430a5c000000001e037371,Yiketu图图,64,共 1 条评论,抗老的扛把子，娇兰复原蜜精华第三代✨,🎉 护肤界的扛把子来了！抗老修护，一瓶搞定！👵💆‍♀️ 🙈 25岁后，皮肤状态大跳水，干纹细纹全跑出来了！再加上我这个干敏皮，化妆都卡粉，每次照镜子都超emo的！😭 🌈 闺蜜推荐了这款娇兰复原蜜，简直是我的救星！使用后，皮肤状态直线上升，软嫩、紧致、光泽感满满，元气满满！✨ 💧 质地轻盈如水，完全没有黏腻感，黄金微粒奢华感爆棚！用前记得上下倾倒瓶身两次，滴几滴在掌心，搓热后按压上脸，配合按摩手法，营养嗖嗖嗖地吸收啦！👐💨 🌞 早上起来，脸水润又软嫩，还有光泽感，上妆超服帖！💅 🐝 成分党看过来，珍稀黑蜂蜂蜜，3倍加强细胞联结，活跃细胞状态，肌肤弹润有光泽！ 💡 使用方法超简单： 倒置瓶身两次，激活黄金微粒。 滴几滴在掌心，搓热。 按压上脸，轻轻按摩至吸收。 🌟 使用体验： 抗老修护效果杠杠的，皮肤肉眼可见变好！ 质地轻盈，不黏腻，使用感满分！ 黄金微粒，奢华感up！ 快速吸收，肌肤零负担！ 珍稀成分，肌肤健康有保障！ 👛 一蜜多用，和粉底液、面霜、身体乳混合使用，效果超乎想象！ 💖 掏心窝子安利给每一个姐妹，娇兰第三代复原蜜真的巨好用！🎈 	 #复原蜜 #抗皱精华 #护肤分享 #小红书618 #618在小红书买什么 #娇兰复原蜜,2024-05-14,images_keyword/66430a5c000000001e037371.jpg,avatars_keyword/66430a5c000000001e037371.jpg,赞,257,40,6,N/A,/user/profile/65fab056000000000600f68e?channel_type=web_search_result_notes&parent_page_channel_type=web_profile_board&xsec_token=ABS2T7mlF2QLEn-3Z8TE3EXYviGUycu_WlsaB7R_J3kzU=&xsec_source=pc_search,/search_result/66430a5c000000001e037371?xsec_token=ABUTe6dmkSra1W-hGL2TIgLkY3qPulX2NEmvm4BJ8gJ3E=&xsec_source=
6639f4eb000000001e02edd8,青烟绕缭a,22,共 2 条评论,真心忠告！新品祛斑精华真没必要买太贵,总结了几款市面上比较火的祛斑精华 不知道怎么买的宝子来看看 有需要精华的宝子们 赶紧码住不迷路 -----冬禾祛斑精华 -----娇兰复原蜜 -----娇韵诗双萃精华 -----海蓝之谜精华 -----肌曼禾精华 -----sk-ll小灯泡 #淡斑精华 #祛斑精华推荐  #精华推荐#美白祛斑#美白精华 #祛斑精华 #有什么精华可以有效祛斑 #怎么祛斑 #平价精华 #祛斑淡斑#色斑#晒斑#长斑的原因#斑点#如何祛斑,2024-05-07,images_keyword/6639f4eb000000001e02edd8.jpg,avatars_keyword/6639f4eb000000001e02edd8.jpg,1,1133,2,8,N/A,/user/profile/65f3e40d00000000050086ec?channel_type=web_search_result_notes&parent_page_channel_type=web_profile_board&xsec_token=ABo12S6uZ3PE_s-6M0uDM086iTPrZ1PeylmZG9C8c0obo=&xsec_source=pc_search,/search_result/6639f4eb000000001e02edd8?xsec_token=ABTRESLFt_dEmZ_QoU2KP7chawM4JX946DKSrmlyVt3kY=&xsec_source=
66419847000000001e035bf6,momo,15,共 8 条评论,娇兰复原蜜真假,韩代和免税店最大的区别： 1️⃣都是全新，但韩代量少了一点 2️⃣韩代味道特别香，且稀 3️⃣韩代小珠珠沉底很快，免税很慢 4️⃣泡沫也不一样 5️⃣瓶底没有使用期限 那个韩代我以前经常买，根本没想过真假问题，难道这次要翻车了吗 想找鉴定的渠道，但也有帖子说鉴的不准 	 有没有大佬能解答的 #娇兰复原蜜,编辑于 2024-05-13,images_keyword/66419847000000001e035bf6.jpg,avatars_keyword/66419847000000001e035bf6.jpg,赞,552,116,8,N/A,/user/profile/5a9014dd4eacab432fbc41a9?channel_type=web_search_result_notes&parent_page_channel_type=web_profile_board&xsec_token=AB4zw-eZuwkT5eSyBiqQ73r9K1uGOqHqkhLreahqX6llE=&xsec_source=pc_search,/search_result/66419847000000001e035bf6?xsec_token=AB3ey7fUjnxelHSjuB-56QrQfHa8zj9dEg4bSdPoIu2MM=&xsec_source=
677e4a8900000000190356a3,美DAI小伊的宝藏铺,23,0,娇兰蜂姿三件套🔥抗衰修复界扛把子!,娇兰帝皇蜂姿三件套精粹水、双效精华和复原蜜 精粹水：有25倍蜂皇水，有效保湿锁水。 复原蜜：主打以油养肤，修护肌肤 双效精华：修护皮肤屏障，提升细胞活力 三件套功效：紧致肌肤、修复、抗衰、淡纹、改善粗大毛孔，特别是干皮小姐姐一定要给它锁死，一套下来第二天脸嫩的不要不要的，超级细腻，而且提亮效果很明显，不会出现没有气色，脸色蜡黄的情況，干皮 油皮都可用!主打修复、紧致、抗老，有效改善暗沉淡纹、改善粗大毛孔!这款分开用是王者，组合在一起就是王炸，抗老修护1+1&gt;2，可以不买娇兰其它东西，但是这款套装要买 使用方法:因人而异 首先，化妆水味道是淡淡的甜味，不腻，非常自然，挤在化妆棉上看起来会有一点粘稠，但实际上脸很清爽，保湿力度非常好，每次用完我都能感觉到自己的脸饱满且滑嫩。 第二步，复原蜜 这个我真心告诉各位，你们去试一试复原蜜好吗?是真的好用啊，用前稍微摇晃一下，把 瓶底的金箔混合起来，早晨用3ml，晚上用5ml，坚持下去，脸真的会一天比一天亮。 最后，双管精华，虽然好多人吐槽盖子的设计，但在实打实的效果面前也就没那么重要了，相比较复原蜜来说有一点点粘稠，但是滋能感觉到脸上润度也更强，像我肤质属于干皮，敏感易泛红，皮肤角质层薄的女孩子，用了娇兰，皮肤真的稳定很多，晚上涂三件套是比较油的，到早上就全部吸收了，皮肤也嫩嫩的，娇兰对于三十以上很给力，坚持用皮肤状态越来越好 这次赶上折扣买的是最便宜的一次，娇兰3件套只要1千6百多，对比国内专柜价格太香了，姐妹们你们买过最便宜的是多少呢#娇兰帝皇蜂姿 #最有效的抗老精华,编辑于 01-08,images_keyword/677e4a8900000000190356a3.jpg,avatars_keyword/677e4a8900000000190356a3.jpg,23,109,20,5,N/A,/user/profile/5937605382ec3950934dbf9b?channel_type=web_search_result_notes&parent_page_channel_type=web_profile_board&xsec_token=ABGcDqzlwsTQs6LUcufMPYLrQQINRKlmwf_XZoKr5BFZ0=&xsec_source=pc_search,/search_result/677e4a8900000000190356a3?xsec_token=ABXVQ-UC8WeDZjzIx5equphdD8_Fyz0xlD_PKZ91DSR3Y=&xsec_source=
6698815c000000000a0261a5,LK美妆科普,34,0,娇兰复原蜜，你真的知道怎么用吗？,#年度幸福感好物 🌸亲爱的小红薯们，今天来给大家分享一款超赞的护肤好物——娇兰复原蜜！ 	 🎀成分亮点： 娇兰复原蜜蕴含了独家的黑蜂蜂蜜和特级蜂皇浆，这可是极其珍贵的成分哦！此外，还有多种珍稀植物提取物，如没药树脂精华等，能够为肌肤提供强大的修护和滋养。 	 💫功效解析： 强大的修护能力，能够修复肌肤受损，增强肌肤的屏障功能，让肌肤更加健康强韧。 	  深层滋润，为肌肤补充水分和养分，使肌肤时刻保持水润光泽，告别干燥粗糙。 	 抗氧化，有效抵抗自由基的伤害，延缓肌肤衰老，让肌肤保持年轻状态。 	 适合人群： 肌肤干燥缺水，急需补水保湿的小仙女们。 	 肌肤屏障受损，容易过敏泛红的敏感肌宝宝。 	 想要预防肌肤衰老，保持肌肤紧致弹性的姐妹们。 	 💕使用感受： 质地轻盈如水，滋润却不油腻，轻轻按摩就能迅速被肌肤吸收。用了一段时间后，能明显感觉到肌肤变得更加细腻光滑，焕发着健康的光彩。 	 💡总之，娇兰复原蜜真的是一款不可多得的好产品，值得每一个爱美的你拥有！ #娇兰 #娇兰复原蜜  #护肤好物 #成分党  #肌肤修复 #每日护肤 #好物分享 #护肤保养,2024-07-17,images_keyword/6698815c000000000a0261a5.jpg,avatars_keyword/6698815c000000000a0261a5.jpg,34,3403,721,8,N/A,/user/profile/635b6181000000001802a95b?channel_type=web_search_result_notes&parent_page_channel_type=web_profile_board&xsec_token=AB7bw5_ICLFBwy92wRBLK_T6RvALDXm1_NpgjjM--fqrg=&xsec_source=pc_search,/search_result/6698815c000000000a0261a5?xsec_token=ABllriXOoniuK9hIP8tK7cRJXSZCwlylK7m3cj3rJ9jZc=&xsec_source=
67a5b7570000000018006f64,我我我不是结结结巴,89,0,娇兰复原蜜终于升级了！干皮贵妇未免吃太好,用过娇兰的都知道 娇门所有的品的肤感和颜值都相当具有魅惑力的 我算是从他家二代的复原蜜用到了第四代的骨灰级玩家 同样是始于颜值忠于肤感 以前提到复原蜜 第一反应是干皮必备精华 新升级的娇兰第四代复原蜜 完全是全肤质之光 我觉得在修护+抗老层面都是带着诚意来的 完全是在努力成为护肤“承重墙” 	 给足干敏肌透亮平滑的底气 干敏留不住水份，脆弱易敏 其实核心就是要提升皮肤的自我修复力 但是随着年纪的增长 皮肤细胞间的信号连接变弱 不能形成有效协同 往往是镇住了表皮，修护不了内源 娇兰复原蜜正是找到这个关键点 	 全新升级的4.0版本 3重黑蜂蜂蜜+黄金蜂王浆 源头唤醒修护信号细胞 三大黑蜂蜂蜜分别来自三大原生岛屿： 爱尔兰康尼玛拉、法国乌埃尚岛、挪威绰斯特德。 	 其中爱尔兰黑蜂蜂蜜、乌埃尚岛黑蜂蜂蜜有效提升作用于表皮层的透明质酸、角质蛋白， 挪威黑蜂蜂蜜则有效提升作用于真皮层的弹性蛋白， 其中爱尔兰黑蜂蜂蜜、乌埃尚岛黑蜂蜂蜜可作用于表皮层的细胞，挪威黑蜂蜂蜜则可作用于真皮层的细胞，三大黑蜂蜂蜜强强联合可使修护信号细胞的活力提升339% 修护信号细胞，它是细胞修护指挥家，通过移动到需要修护的区域，释放信号来促进肌肤自我修护 	 这不妥妥的把零散作业的细胞游击dui 变成了战斗力强劲的正规军了！ 修护受损和衰老细胞的能力是打着滚的往上翻 牛的不要不要的 质地更加轻薄 光速渗透 其实用过老版本复原蜜的人都应该记得ta那清透滋润的肤感 升级完后我震惊了 就这光速吸收，润到骨子里的肤感 这谁拒绝的了？ 	 想要滋润度高的可以多吸一点黄金颗粒 每一颗都包裹着鲜活的精华 蜂王浆原本就是修护界的传世高手 配上这个滴滴深入的渗透度 1滴强韧屏障、1h快速淡退皱纹 直达肌底，修护抗老一步到位 	 新升级的复原蜜其实不仅仅是在修护上有所建树 其实ta也能促生一型胶原蛋白和弹性蛋白再生 愉悦的肤感再叠加上抗老的BUFF 让我每天晚上让我忍不住想要去翻它的牌子 这效果，这肤感 真的能把贵妇小姐姐们拿捏的死死的…… #娇兰第四代复原蜜#娇兰 #贵妇护肤体验,昨天 06:05 上海,images_keyword/67a5b7570000000018006f64.jpg,avatars_keyword/67a5b7570000000018006f64.jpg,91,6.6万,6.1万,5,N/A,/user/profile/5a72be16e8ac2b6a8f3f8caf?channel_type=web_search_result_notes&parent_page_channel_type=web_profile_board&xsec_token=AB6kWCds1a5CndZRzT8gzkh_7kIZwnosODW8BTYt-5fo4=&xsec_source=pc_search,/search_result/67a5b7570000000018006f64?xsec_token=ABf2tHOsKnJ3P7PvUxVjzA_ajRFuYpReYhQiCZP4RXM-I=&xsec_source=
670bae59000000001600eb46,护肤-麦大哥🌾,25,共 4 条评论,娇兰·复原蜜也升级了,"新版国内已经完成了备案，但目前海外和国内均未上市 区别有几个点： 	 1. 包装角度，品名新版是 youth watery oil serum, 旧版没有serum 2. 成分角度，新版新增了蜂胶和向日葵籽油 3. 功效角度，备案功效和旧版一样，新增敏感肌适用 	 #美妆新品速递 #复原蜜 #精华分享 #新品抢先发",2024-10-14,images_keyword/670bae59000000001600eb46.jpg,avatars_keyword/670bae59000000001600eb46.jpg,5,5205,1694,5,N/A,/user/profile/631961390000000023027a1a?channel_type=web_search_result_notes&parent_page_channel_type=web_profile_board&xsec_token=ABvKsdy6JuHSdsvmoUss1A3Xpxr3dJKYwrBYdIGo7_LVY=&xsec_source=pc_search,/search_result/670bae59000000001600eb46?xsec_token=ABDRVjxhOqsUkbfHi0M6TdcMd0Srb9OJLdbIthMuVY9T4=&xsec_source=
67a1c562000000002901d309,吃我蛋挞干嘛,38,共 9 条评论,热门精华大赏！看看你的入圈了吗？,#精华推荐#面霜#护肤#水杨酸精华#水杨酸棉片#毛孔粗大#娇韵诗双萃精华#祛痘精华#精华推荐30岁以上抗衰老#刷酸#精华油#美白精华#油痘肌#面霜推荐#抗老精华#去黑头#闭口#雅诗兰黛小棕瓶#毛孔#ysl夜皇后#兰蔻小黑瓶精华#痘痘#娇兰复原蜜精华#修丽可色修精华#补水精华#早c晚a#精简护肤#毛孔粗大怎么办改善#去痘印,6 天前 贵州,images_keyword/67a1c562000000002901d309.jpg,avatars_keyword/67a1c562000000002901d309.jpg,赞,2万,1458,21,N/A,/user/profile/61590a860000000002019aac?channel_type=web_search_result_notes&parent_page_channel_type=web_profile_board&xsec_token=ABWpMjlRRdEDcnzqu5y_M8i8loFpvlCuS8rkn8Aba6vCA=&xsec_source=pc_search,/search_result/67a1c562000000002901d309?xsec_token=AB22qAr-52lxymRHsO40Rl8YpzMi9ISLFfOj10kDR5hgw=&xsec_source=
67a4a33100000000180133a7,xt.T,35,共 10 条评论,消费降级:缩毛孔水杨酸做好功课再入手,现在的大环境让人不免消费降级，但是皮肤还是需要好好管理滴！ 脸上工作面对电脑出油量增多导致毛孔粗大，闭口粉刺也开始频繁出现，真是让人头疼！ 后来被朋友推荐刷s，盲目的跟风入手了几款结果爆痘烂脸！！ 深入了解之后才发现认识水杨酸这类物质很重要，用对了才会收缩毛孔不烂脸~ - 真正的水杨酸功效 1.控制油脂分泌 水杨酸具有收缩毛孔、控油平衡的作用，可以改善脸上出油量大和痘痘多问题 2.抗炎镇定 水杨酸具有抗炎作用，可以减轻皮肤的红肿以及发痒的情况，也适合敏肌用哦 3.去除黑头 水杨酸是可以深入到毛囊深处的，溶解黑头粉刺这类物质，清洁毛孔从而减轻毛孔负担 4.去除角质死皮 水杨酸溶解角质里面的死皮细胞，促进皮肤的更新替换，让皮肤更加细腻光滑 - #shrink水杨酸精华 #资生堂红腰子精华 #达尔肤三修精华 #娇兰复原蜜精华 - #收缩毛孔#水杨酸精华#水杨酸#精华液#痘痘#闭口#好物分享#精华推荐 #精华 #水杨酸#好用的水杨酸棉片 #精华分享#水杨酸棉片#水杨酸棉片一周使用几次 #怎么选精华#毛孔粗大怎么办＃好用精华分享 #学生党必备 #精简护肤 #好用精华 #改善毛孔 #黑头多怎么办 #清完黑头如何缩毛孔 #油痘肌#闭口粉刺#痘痘#痘印 #清洁毛孔#油痘肌#防晒#毛孔堵塞#国货护肤品推荐 #真实测评,4 天前 甘肃,images_keyword/67a4a33100000000180133a7.jpg,avatars_keyword/67a4a33100000000180133a7.jpg,赞,12.9万,1130,21,N/A,/user/profile/6015527a0000000001002947?channel_type=web_search_result_notes&parent_page_channel_type=web_profile_board&xsec_token=ABttC965tbUg-OD_Yb2FUnQtN5tyo0zil1aZnvGPagwEY=&xsec_source=pc_search,/search_result/67a4a33100000000180133a7?xsec_token=ABaxDruFv78U659DRmY4V6impExapgEsn0vcFGTFlQKuU=&xsec_source=
66840596000000000a005e0a,Yue.GG爱游泳,468,共 478 条评论,娇兰复原蜜真假辨别,图一正品 1.字母黑， 紧凑     蜜蜂下面圆润，假货蜜蜂下面是尖的， 2.正品是香水的味道  假货是春雨面膜味 3.假货盖子歪 4.底部这俩不一样,2024-07-02,images_keyword/66840596000000000a005e0a.jpg,avatars_keyword/66840596000000000a005e0a.jpg,6,898,35,9,N/A,/user/profile/59d9ba4b20e88f4259e4d2d3?channel_type=web_search_result_notes&parent_page_channel_type=web_profile_board&xsec_token=ABCecehToghaj3Dpw-jDasuPZa7MdRYlXUSJ7vLCFV5Kk=&xsec_source=pc_search,/search_result/66840596000000000a005e0a?xsec_token=ABF43cF_v-um9jHCGyldE0MBwGJasKhiAQ7Youh1lHbA8=&xsec_source=
67551782000000000102b1db,""" 塔塔酱 ""💋",65,0,我不允许还有人不知道娇兰复原蜜‼️,用娇兰复原蜜长闭口的宝宝，其实不是你不适合，而是你没有正确去用它！！！ 我的皮肤是属于干敏肌的，冬季干燥脱皮，但是也会有闭口，大概用了20天左右，现在相对之前摸起来滑滑的，没有之前的粗糙感，红红的还在，范围略微小了一点，想要修富和韦稳的宝宝可以选它 ‼️接下来说一下我的使用步骤‼️ 1. 洁面后敷悦木之源菌菇水（对闭口友好） 2.敷完之后，将复原蜜轻轻地，注意一定要轻轻倒过来，让里面的小珠珠动起来，太大力会破掉哦 3.滴在手心两三滴，轻轻揉搓按压上脸，量不能太大哦 4.吸收后我会搭配雅诗兰黛zong瓶 5.最后是面霜，保湿类的都可以 ‼️护肤品适合自己的才是重要的，方法顺序也同样重要，不能盲目使用哦 #娇兰复原蜜 #护肤保养 #干敏肌修护 #护肤顺序 #精华油推荐 #好用的精华油 #变美日记 #养出好皮肤  #年度爱用,编辑于 2024-12-08,images_keyword/67551782000000000102b1db.jpg,avatars_keyword/67551782000000000102b1db.jpg,65,177,10,7,N/A,/user/profile/6125afbd000000000101dd4a?channel_type=web_search_result_notes&parent_page_channel_type=web_profile_board&xsec_token=ABICd_K9aPLiNLXNK4MPaMJQlr7m3vKzbEoHgF2Ih9XUU=&xsec_source=pc_search,/search_result/67551782000000000102b1db?xsec_token=AB-9OXlNEL-YM3NGbgAYvsEdsI66Hj9F0ewbaS2zSz3NM=&xsec_source=
66134dcb000000001b012ddc,努力的草莓酱🍓🍓,67,共 1 条评论,娇兰复原蜜,❤ 娇兰复原蜜50ml真正抗老的精华，滋润，修复，淡化痘印红血丝，含法国黑蜂蜂蜜精华，主打愈合肌底，虽然是精华油，但质地像水，夏天都能用，给皮肤补充水分，让肌肤充满弹性和活力。#娇兰复原蜜 #娇兰黄金复原蜜,2024-04-07,images_keyword/66134dcb000000001b012ddc.jpg,avatars_keyword/66134dcb000000001b012ddc.jpg,2,3666,128,7,N/A,/user/profile/6416df0500000000110228bb?channel_type=web_search_result_notes&parent_page_channel_type=web_profile_board&xsec_token=AB0LqSgIqbKN1aApPWFIFnlOeJQ8UNLSQQt2_MMomzTCM=&xsec_source=pc_search,/search_result/66134dcb000000001b012ddc?xsec_token=ABo_NPQG8hpD_Ujbt74_ctiW1ngz3nMdQ6lx3LjMviivc=&xsec_source=
66f8c593000000002c02feca,幸运小喵,1,0,拒绝躺平！新品抗老精华真别跟风瞎入！,25+的姐妹们！抗初老一定要认真做，不然后期在护理皮肤就是难上加难！姐妹们不想皮肤松垮、细纹增加的一定要好好做抗初老 分享一些还不错的抗初老精华 有需要的可以码住！ #佑希集双萃精华 这瓶就是抗初老界的天花板！ 脸垮、长细纹的姐妹们一定要看它 用了一个月左右脸确实变紧致许多 小细纹都变淡了添加有光果甘草 和玻色因，成分杠杠的 #OLAY小白瓶 乳液质地上脸很清爽 十分轻薄又带点水润 吸收的很快不闷 一年四季都能用不挑皮 #娇兰复原蜜精华 虽然说是油，但涂起来很润 没有任何的油腻感 只要不是那种大油皮 夏天用也是OK的 #欧莱雅黑精华 油皮用不粘腻 里面有二裂酵母 用完皮肤润润的 价格也比较亲民 学生党可以放心用 #珀莱雅双抗精华 这款的质地很清爽激活 双抗后再使用富含麦角硫因 能够激活皮肤的抗氧能力 上脸会有提亮的效果 #抗初老精华#精华推荐#精华液推荐25以上#精华抗初老#精华液#好用精华#精华#怎么选精华#精简护肤#抗皱精华#抗初老#暗沉#垮脸#护肤,2024-10-03,images_keyword/66f8c593000000002c02feca.jpg,avatars_keyword/66f8c593000000002c02feca.jpg,1,389,15,6,N/A,/user/profile/6674045c00000000070060bf?channel_type=web_search_result_notes&parent_page_channel_type=web_profile_board&xsec_token=ABK6M4ga8leUOndxwaJtKM53F5C5gcOPhRRwDANz5vXt8=&xsec_source=pc_search,/search_result/66f8c593000000002c02feca?xsec_token=ABGRgIB-7-n-K8rJKyNl3eD6RO0__0BAD5aN9sHbXdtMQ=&xsec_source=
634fa670000000000602dc12,长兴八佰伴PLUS,1710,共 519 条评论,娇兰复原蜜不要乱用啊😤,娇兰复原蜜又叫黄金修复蜜，但真的有这么神奇吗？ 其实就是基础水剂肌底液👉🏻主打保湿修护，舒缓镇定，修复敏感肌等作用 有位朋友是混干，夏天油皮，因为皮肤状态不稳定，就用了半管复原蜜，一晚上顶着黏糊糊的脸睡觉了，第二天起来直接爆痘 这和用法和季节有关系，现在正处于换季的时候，天气逐渐干燥，皮肤最容易缺水、过敏 敲黑板 使用方法： 1、用清爽的爽肤水湿敷一遍，软化角质，清理毛孔 2、再滴3-5滴复原蜜#法国娇兰第三代黄金复原蜜 #娇兰复原蜜 #娇兰 #娇兰黄金复原蜜 @Guerlain娇兰,2022-10-19,images_keyword/634fa670000000000602dc12.jpg,avatars_keyword/634fa670000000000602dc12.jpg,187,11.6万,1.3万,8,N/A,/user/profile/5e44fbee000000000100b394?channel_type=web_search_result_notes&parent_page_channel_type=web_profile_board&xsec_token=ABsJWTredcFwomb-TvSLmtXknyjrr2z3IQvTDECvk1ct8=&xsec_source=pc_search,/search_result/634fa670000000000602dc12?xsec_token=ABLAINvpK-Cr3Inn38Czzk_zCl4akIBGw8PNJB5azWIJE=&xsec_source=
679347fe00000000290390ed,骄阳,12,0,学医三年劝大家！入抗初老精华前一定要冷静,跨过25岁以后，又想温和，又想有效抗初老，特别是现在精华液的品类越来越多了，很容易就会跟风买一些精华液，浪费钱不说，还容易闷脸‼ 给大家测试了一些还不错的精华液，有需要的快收藏起来啦～ 💕佑希集aron双萃精华液 💕修丽可色修精华 💕科颜氏淡斑精华 💕娇兰复原蜜精华 💕珀莱雅源力精华 感谢@虞茴宁 的分享～@薯队长 #精华液  #精华液推荐  #抗初老  #去黄提亮  #精华推荐25岁以上  #精华水  #精华  #精华推荐  #精华液推荐  #精华推荐25岁左右  #精华抗初老  #抗初老精华液  #暗沉  #粗糙  #垮脸  #提亮精华,01-24 河南,images_keyword/679347fe00000000290390ed.jpg,avatars_keyword/679347fe00000000290390ed.jpg,12,2.6万,234,5,N/A,/user/profile/5c1ddc430000000006025e82?channel_type=web_search_result_notes&parent_page_channel_type=web_profile_board&xsec_token=ABfB7aoBolGTUs74OC0UKAaH4a7m1KLf-zoKDp9E84m0g=&xsec_source=pc_search,/search_result/679347fe00000000290390ed?xsec_token=ABn7YFmbF53BSvENJxPC8FSc1wLFGNoMDIHINk91m_aJM=&xsec_source=
6791f284000000001800f473,护肤界老炮（成分版）,1119,共 87 条评论,重磅！内行人解读娇兰细胞级修护抗老新成果,说到抗老修护，市面上大多数产品还停留在表层屏障，或进阶一些的在基底膜方面下功夫，对于年轻肌肤来说还是受用的，但随着年龄增长皮肤的修护能力下降，用这些修护产品就好像耐受了一样没啥用了！娇兰研究发现是因为修护信号细胞的活性，会随着年龄增长而失活（活性降低99%），导致感知细胞损伤的能力下降，就无法及时主动的去做修护工作，皮肤就会加速衰老 	 娇兰瞄准了修护信号细胞，对当家花旦复原蜜进行一波改头换面的升级大动作，娇兰第四代复原蜜锁定了三重黑蜂蜂蜜+上品蜂王浆做协同，保留上一代主打表层修护的乌埃尚岛黑蜂蜂蜜的基础上新加入了促进透明质酸合成的康尼玛拉黑蜂蜂蜜作用于肌肤表层，以及加速皮肤真皮层细胞修护的挪威黑蜂蜂蜜，配方协同实现表层屏障修护和真皮层细胞修护的深度抗老效果，同时能4倍激活修护信号细胞活性，细胞的感知力恢复了就能主动修护和清除损伤因子！ 	 这种修护不只是停留在表层屏障而是打通了真表皮层的修护通路，真皮层的细胞也能得到一波大保养！并且因为皮肤修护力上来了，细胞就有更多的精力去合成胶原蛋白和弹性纤维，配合三重纯种⿊蜂蜂蜜+珍稀蜂王浆的营养加持，皮肤自然能进阶达到更强的抗老效果 	 年前按惯例得来个“返厂维修”做了个黄金V🪡，在做之前我就开始用这瓶打好底子强韧屏障，做完脸又干又红的时候就用的这瓶，亲测用几天脸上的干燥泛红都消失了，皮肤还更加细腻水润！继续用一段时间下来皮肤不光修护的稳定，美美项目效果在脸上停留的更长，干纹细纹也跟着淡了，皮肤看起来紧致透明，还有种更充盈饱满的感觉！ 	 质地上也是一个版本大革新，独特的深透质地流动性很强，肤感轻盈如水，一抹沁润吸收很快，吸收后皮肤有种润而不腻的滋养感，是能感觉到精华渗透进毛孔里进入肌底了，而不是浮于表面的滋润，所以连我这个油皮用完都不会觉得有负担，以前大家对复原蜜的印象还停留在干皮必备精华，这次新品第四代全肤质都可以大胆使用 	 换季以及忽然降温脸拔干那几天它都能让我安稳过度，并且修护更深、吸收更快、抗老更强，这波升级真的拳拳到肉！2月14日就能买到了，听劝赶紧蹲一蹲！真的很值得无脑入 #滴滴深修护一抹快修纹  #娇兰第四代复原蜜 #娇兰复原蜜 #修护信号细胞 #抗⽼ #修护 #医美修护 #精华油 #好用的精华油 #成分党,3 天前 广东,images_keyword/6791f284000000001800f473.jpg,avatars_keyword/6791f284000000001800f473.jpg,赞,175.7万,14.5万,21,N/A,/user/profile/604d7f120000000001008f4b?channel_type=web_search_result_notes&parent_page_channel_type=web_profile_board&xsec_token=ABSqycZPO4-MMCynuMLP2vwOqFd_a6IIrYOD527VBIIIE=&xsec_source=pc_search,/search_result/6791f284000000001800f473?xsec_token=ABfFw3_b0yzY1sn9yR3nUYWrlTnaKgSk-i8WKtZjvBPhI=&xsec_source=
676ebb22000000000900e44c,李文秀的大包包,52,共 31 条评论,N/A,这几天的快乐是娇兰给的！ 第一张是第一天使用，第二张是使用三天后，第三张是使用十天后，我不怎么化妆，皮肤斑点暗沉很多，现在年纪大了也变得松弛觉得还是要注意一下保养，虽然我是混油皮，但是秋冬季节偏干，咬咬牙买了15毫升的娇兰复原蜜440元，送了一小瓶帝黄蜂水，每天晚上在以前用的护肤品里面用一滴，搓搓就糊脸上，然后用新买的100多块钱眼油➕60几块钱眼霜糊一下眼睛和周围皮肤，感觉效果好好！皮肤变得很清透油润（仅限冬季最爱的皮肤状态，夏天这种油润的皮肤状态会让我抓狂）而且而且，我只有晚上会使用一下洗面奶，早上就用清水洗脸，热毛巾敷几秒钟脸蛋就开始护肤，有时候晚上要写作业就选择敷面膜，我很喜欢敷面膜，因为很方便不用涂涂抹抹 嘿嘿嘿可太开心了，娇兰拉入冬季护肤白名单！ 	 #娇兰 #娇兰复原蜜 #记录护肤 #心水护肤品,2024-12-27,images_keyword/676ebb22000000000900e44c.jpg,avatars_keyword/676ebb22000000000900e44c.jpg,4,933,15,7,N/A,/user/profile/5f93792a000000000101c1c4?channel_type=web_search_result_notes&parent_page_channel_type=web_profile_board&xsec_token=ABnzrruCfb6cPROR_Xa0Atur2D1b5ha_b98zOI2Q1EVmU=&xsec_source=pc_search,/search_result/676ebb22000000000900e44c?xsec_token=ABYtsxOKeWtrQ0MSTg2pOKELX52zQZDgYyJ4Hh_2j18dA=&xsec_source=
665591f20000000014019e08,淼淼喵喵喵😼,363,共 31 条评论,说个建议：618新品祛斑精华做足功课入！,选精华想要不踩雷，真的要做足功课📚在去入 现在都精华也是层次不穷的 那么要如何选到适合自己又好用的精华呢？ 最重要的是搞明白自己的肤质需求 这样护肤才能事半功倍！👍 下面就给大家整理了不同肤质可以用的精华 有需要的👭可以参考一下~ ——— 1️⃣黄黑皮经常熬夜皮肤暗沉、暗黄没有气色，还有长斑的现象 最好选择祛斑精华 推荐成分：烟酰胺、377、熊果苷 2️⃣敏感皮皮肤角质层薄容易敏感，护肤必须考虑皮肤脆弱 最好选择温和的精华 推荐成分：维生素B5、麦卢卡蜂蜜、橄榄果油 3️⃣大油皮肤质粗糙，毛孔大，出油多，护肤关键是水油平衡 最好选择补水控油精华 推荐成分；水杨酸、果酸、茶树精华 —— 冬禾祛斑精华 兰蔻小黑瓶 娇兰复原蜜 肌曼禾精华 sk-ll小灯泡 #淡斑精华 #祛斑精华推荐  #精华推荐#美白祛斑#美白精华 #祛斑精华 #有什么精华可以有效祛斑 #怎么祛斑 #平价精华 #祛斑淡斑#长斑的原因#斑点#如何祛斑 #618 #618攻略,2024-05-28,images_keyword/665591f20000000014019e08.jpg,avatars_keyword/665591f20000000014019e08.jpg,4,12.5万,1417,4,N/A,/user/profile/5aa4bd1d4eacab36dfb539b9?channel_type=web_search_result_notes&parent_page_channel_type=web_profile_board&xsec_token=ABhR4cq3l54TWvbkUwoW5WV1GXBsfJuyDl-X4eaCH2ON0=&xsec_source=pc_search,/search_result/665591f20000000014019e08?xsec_token=ABvDVrBQcAKAHZOWID0MEQXeebtF2iAGtQnxgYk0gmkq0=&xsec_source=
67a4aa90000000002503f721,LESHINE美护,2,共 1 条评论,【娇兰第五代复原蜜✨全新升级！】,💛 升级成分，修护更强 🖤 融合乌埃尚岛黑蜂蜂蜜、蜂王浆 + 4种珍稀蜂蜜 💧 轻盈水感质地，快速吸收不油腻 💪 激活肌肤自我修复机制，提升抗氧化能力 🌟 第五代 vs 第四代，有什么不同？ ✔ 第五代：强化修复 + 增强肌肤自愈力，质地更轻盈，修复屏障、减少泛红，全肤质适用，油皮友好！ ✔ 第四代：主要修复受损肌肤，微珠油包水，稍有油感，更适合干性肌肤夜间修护 #复原蜜 #娇兰复原蜜 #娇兰 #新版娇兰复原蜜 #精华油 #黄金复原蜜 #护肤品,1 天前 意大利,images_keyword/67a4aa90000000002503f721.jpg,avatars_keyword/67a4aa90000000002503f721.jpg,赞,10.7万,6956,5,N/A,/user/profile/5aef46034eacab1ce8c58172?channel_type=web_search_result_notes&parent_page_channel_type=web_profile_board&xsec_token=ABP-mk2eYVE70Rr0VL9uY2FBdXXt31CQ9Xd1zwjrkW3ac=&xsec_source=pc_search,/search_result/67a4aa90000000002503f721?xsec_token=ABaxDruFv78U659DRmY4V6iiCDIVZDc8qa0I_UTwf1mfA=&xsec_source=
670e0a74000000002100b2ec,掉钱眼里啦,173,共 23 条评论,亲测熬夜会平等对待每个人❗️,跟着闺蜜入手了娇兰复原蜜精华✨ 竟然把我这暗沉垮脸给拉回来了！ 皮肤一整个透亮紧致细腻大动作！ - 细扒成分不愧是贵妇精华 一瓶精华成分巨巨巨扎实！ 核心成分黑蜂🐝蜂蜜、蜂王浆 ✨印度没药树提取物➕棕榈酰六肽 相互搭配相辅相成 在修复上面的效果就是个字绝❗️ 直接就是一瓶更比多瓶强！ - 让我惊喜的是那种水润质地 能够更快的帮助吸收渗透~ 每天早晚各涂一次每次用够3泵 上脸嗖的一下就被肌肤吸收 坚持用下来脸蛋水润光泽又细腻 要不说护肤还得是大牌子 真心推荐各位姐妺试试❗️ 	 #娇兰#娇兰复原蜜#娇兰精华#精华#复原蜜#好用的精华熬夜精华,01-31 山东,images_keyword/670e0a74000000002100b2ec.jpg,avatars_keyword/670e0a74000000002100b2ec.jpg,赞,22.4万,1.7万,6,N/A,/user/profile/5f4681b400000000010084be?channel_type=web_search_result_notes&parent_page_channel_type=web_profile_board&xsec_token=ABZS4RjvM--GVtEpzB-0sPopIjjNGz0CfSH256iuGWrwE=&xsec_source=pc_search,/search_result/670e0a74000000002100b2ec?xsec_token=ABkOp80gs4m3wvktPqGg1Cx2B-IOlFV0_rKgXwbg3XLlo=&xsec_source=
67a6c267000000002903d189,半个酒窝,121,共 38 条评论,第四代了！长期主义抗老精华认这瓶！！,作为在抗老上狂砸钱和踩雷无数的熟龄肌，已经不会被一些漂浮玄学的抗老伪概念所吸引，只认能够真正在脸上看到效果的东西，比如对于我皮肤干瘪暗沉松垮无质感时，能呼之即来、用之便能感叹牛批回春力的单品，才是具有说服力的！ 	 以前提到复原蜜，第一反应是干皮必备精华，现在这款新升级的全肤质都适用。 	 像我本身护肤博主其实也算吃过各种好的贵妇顶奢大餐了，但复原蜜就是有种无法代替的修护抗老神力，百用不厌越用越沦陷！ 	 第四代我用下来不仅质地更轻薄，融肤度贼快，被皮肤嗖嗖吃透的效率更高了！上脸便能感受到疯狂补水滋养的灌肤强度，还有细纹干纹都给润没了的十级丝滑，皮肤还给养的爆亮又紧！ 几乎满足到1滴就扎扎实实的修护，强韧屏障、1h即能收获到纹路被淡退扳倒的快乐，只用写在脸上的效果说话！ - ➡️第四代复原蜜成分升级到拉满的程度了，堪称钮钴禄式的黑化逆袭，将本就是自家灵魂招牌、滋养修护抗老力都很顶的蜂蜜成分，进阶为更珍稀的黑蜂蜂蜜，三大黑蜂蜂蜜天然成分高纯提取，天然成分飙升到99%，三大黑蜂蜂蜜分别来自三大原生岛屿：爱尔兰康尼玛拉、法国乌埃尚岛、挪威绰斯特德。 	 👉其中爱尔兰黑蜂蜂蜜、乌埃尚岛黑蜂蜂蜜有效提升作用于表皮层的透明质酸、角质蛋白， 挪威黑蜂蜂蜜则有效提升作用于真皮层的弹性蛋白， 搭配上品蜂王浆，相比原来的配方能4倍激活修护信号细胞的活性！ 修护信号细胞，它是细胞修护指挥家，通过移动到需要修护的区域，释放信号来促进肌肤自我修护。 	 👉这是啥概念呢，相当于能够聚焦于皮肤底层懈怠无力受损的细胞，唤醒其潜能活力，相比表层褪红修护屏障的精华，能精准定位到源头修护；又相较于重在补促胶原蛋白的抗老精华，更针对细胞本身的焕活去发力，成分够绝加上能从内到外持续爆发型的维稳强韧+紧致淡纹，才能一箭三雕→→吸收更快，修护更深，抗老更强！ 	 对于因为熬夜压力形成的年轻肌初老皮能及时力挽狂澜，平稳皮肤状态预防暗垮纹继续加深，也能尽心伺候我这样的难搞熟龄皮弯道超车抗老，淡纹实力也不容小觑，第四代是真心值得拿稳的长期主义抗老精华！ 	 #抗老精华 #抗初老 #修护 #长期主义单品 #娇兰第四代复原蜜 #娇兰复原蜜 #黄金复原蜜,昨天 00:59 河南,images_keyword/67a6c267000000002903d189.jpg,avatars_keyword/67a6c267000000002903d189.jpg,3,98.5万,6.8万,6,N/A,/user/profile/5865ceeaa9b2ed1d8a663c82?channel_type=web_search_result_notes&parent_page_channel_type=web_profile_board&xsec_token=AB6tJLdOUi2RAo7Z5hHIsrrkKDLjERUFfxKukW2DNSp8U=&xsec_source=pc_search,/search_result/67a6c267000000002903d189?xsec_token=ABMs-0Ya3n0_NeeNErQ7V7vbHh0yIXViKAldg1sRypE7I=&xsec_source=
679c7dd6000000001703a0cb,圆圆柚仔,235,共 5 条评论,别乱跟风，油养大方我只教一次！,冬天不油养，一年护肤全白搭！ 对于干皮来说，冬天这种干冷的季节最是折磨人 每天被风吹得红敏刺痛，还干绷的脸疼 冬天虽然才过了一小半 感觉一下子老了5岁还不止 而我3年的油养经验 脸蛋在这个季节总是一副又稳又润的好状态 深刻知道选择合适的精华油才是干皮抗老的正解！ 身边无数人被我安利入油门！ 今天就总结下我用过三款的精华油 不吹不黑，都是亲身体验过的哈～ - 🔺YSL藏金油（灭火修护） 可以说精华油的尽头就是ysl这瓶嘛！ 不夸张用完觉得其他所有油白买了 从肤感到功效 1瓶用出10瓶精华的效果 一瓶包揽抗火火+抗氧+抗衰 超小分子油，渗透力甩了其他精华油几条街的程度 我的皮肤原本干到别的根本吃不进去 但它抹上皮肤一下子就吸溜进去了 感觉每个毛孔都在大口大口呼吸 很透气轻薄 天价的摩洛哥藏红花蕊+五重天然精油 就是东非大裂谷都润成了威尼斯水城！！ 这一瓶用下来像用了10瓶精华的既视感 并且让肌肤处于不间断的自我修护状态 让皮肤累积的损伤及时清零 自然不容易垮脸干瘪，维护皮肤肌底平衡 用一段时间，皮肤不仅润了，皱纹都变淡了 整张脸饱满嘭弹，嫩得不像话！ 更重要的是，皮肤平滑稳定之后真的好显气色啊～ 🔺海蓝之谜精华油（细腻提亮） 熬夜圈种子选手还有毛孔粗大暗黄的姐妹选它！ 是我每次熬大夜都会用的一瓶精华 用完皮肤Q弹水润了不少 真的让我更有动力熬夜了呢哈哈 奢华精华油+抗老精华的搭配 给脸蛋补油滋润，还能抗氧提亮！ 睡醒皮肤直接爆改水亮柔光肌 就连毛孔都跟用了柔焦模式一样好细腻！ 坚持用一段时间皮肤不仅柔滑了 小脸都被倍儿有光泽感～ 🔺娇兰复原蜜（滋润保湿） mm干皮还有化妆卡粉的看过来！ 之前我一直把它当成普通精华油用 但发现效果都一般般 不算很惊艳 但是有次敏敏了用完，发现皮肤居然好了！ 不愧是原生纯净岛屿的优质蜂蜜+上品蜂皇浆在手的 加上它们家升级黑蜂修护科技 修护受损肌肤，滋润皮肤 这瓶的质地挺轻盈的不油腻不会闷痘 就算是油皮用也没有负担 用它可以叠加强功效精华/面膜 可以很好的促进后续护肤品的吸收 平时我还会混一点在粉底液里面 那个妆后效果真的好，炒鸡服帖！ 可以说是mm皮还有卡粉肌的活菩萨啦～ #ysl藏金油 #大牌精华油 #干皮护肤 #好物分享,02-01 湖南,images_keyword/679c7dd6000000001703a0cb.jpg,avatars_keyword/679c7dd6000000001703a0cb.jpg,赞,43.1万,4.3万,5,N/A,/user/profile/5dafd11c00000000010059a6?channel_type=web_search_result_notes&parent_page_channel_type=web_profile_board&xsec_token=ABPWR-ovkSI0LGivtWC_XQkjMtP9wYRpyObQtj9CUXpcs=&xsec_source=pc_search,/search_result/679c7dd6000000001703a0cb?xsec_token=ABskAH7c_DDnaQuWr70DRDsccB3I4YxBby3ZWrukI13Ek=&xsec_source=
679c932d000000001701f807,凯特CAT,270,共 41 条评论,油养的保姆级大牌精华油选购指南,- 作为30+的干皮熟龄肌姐姐， 精华油是我日常必不可少的护肤品 市面上很热门的大牌精华油我基本上都试过 分享几个我近期爱不释手的精华油尖子生 每一个都各有所长， 和我一样是大干皮的姐妹真的要认真阅读 然后可以根据自己的需求进行选择哦～ 	 ⚪️YSL·藏金油 ⚪️GUERLAIN娇兰·复原蜜 ⚪️Chanel香奈儿·光采夜间精华油 ⚪️La mer海蓝之谜·奇迹精华油 ⚪️CLARINS娇韵诗·第九代双萃精华 - #以油养肤#精华油#精华油推荐 #秋冬以油养肤正当时#ysl藏金油 #娇兰复原蜜#香奈儿光采夜间精华油 #海蓝之谜奇迹精华油#娇韵诗双萃精华,01-31 辽宁,images_keyword/679c932d000000001701f807.jpg,avatars_keyword/679c932d000000001701f807.jpg,1,42.4万,2.9万,8,N/A,/user/profile/63e3ad370000000027028249?channel_type=web_search_result_notes&parent_page_channel_type=web_profile_board&xsec_token=ABRcguEVZeAcPcLQ53z5rOilCi8a3uUyRUMR8EUqN50og=&xsec_source=pc_search,/search_result/679c932d000000001701f807?xsec_token=ABskAH7c_DDnaQuWr70DRDsRj3hxx0ByETv5TsUpzsoiQ=&xsec_source=
67a17c92000000002a00377c,红姐风景,91,共 2 条评论,烂脸警告：这些“垃圾精华”别再用了！,马上迎来2025的新年了到底还有多少姐妹仍然不知道哪款精华适合自己？！ 作为一个精华大户也算是踩过不少雷，也是每天疯狂的做功课，试错，就为了让自己的皮肤变加完美，！说句实话，确实现在市面上精华真的太多了，身边很多好朋友都反应选精华的时候总是挑的眼花缭乱，尤其是新手小白，一不小心踩雷就很容易烂”脸！简直就是得不偿失！今天给姐妹们总结了一篇注意事项，大家一定要避开这些成分，顺便给大家分享几款我这些年用下来最宝藏的精华，一定要看完哦！！保准用了就让你离不开 - 有这些成分的精华一定要避开 1.矿物油 一般会被充当保湿剂，但是不易吸收，很容易闷痘、或者造成毛孔堵塞，长痘 2.硅油 为了提升肤感，增加润滑的骨干，但是有一定挥发性，过量接触可能会引起呼吸道的不适 3.酒精 能帮助吸收，让肤感更加清爽，油皮会比较喜欢，但用多了会降低皮肤的锁水能力，越用越干 4.高浓度成分 高浓度的功效性成分的添加来吸引消费者，但浓度高不代表是好事儿，很容易引起皮肤过敏 - 推荐几个自用的宝藏精华，保证绿色无广 #PORCOPE淡斑精华液 -淡斑提亮 #Bom茵陈蒿精华 - 收缩毛孔 #娇兰复原蜜精华 -滋润保湿 #城野医生377精华 - 缓解暗沉 #赫莲娜绿宝瓶精华 - 维稳修复 #兰蔻小黑瓶精华 - 保湿抗老 #淡斑精华液#精华#精华推荐#护肤干货#祛斑#PORCOPE焕亮美白祛斑精华液#祛斑有效的方法#毛孔粗大#抗老#美白#美白祛斑#黄褐斑#抗老精华 #收缩毛孔,7 天前 河北,images_keyword/67a17c92000000002a00377c.jpg,avatars_keyword/67a17c92000000002a00377c.jpg,1,1.6万,1072,7,N/A,/user/profile/6724229e000000001c018392?channel_type=web_search_result_notes&parent_page_channel_type=web_profile_board&xsec_token=ABwaxMZC_cj2XcvJYYBMOzDi5PeU2s06QwQ88J267BdCs=&xsec_source=pc_search,/search_result/67a17c92000000002a00377c?xsec_token=AB22qAr-52lxymRHsO40Rl8S26t_CAzkXKKpmjJYlU6ZU=&xsec_source=
6704c211000000001b020371,人中柯基,15,0,复原蜜,#复原蜜 复原蜜100ml🈶私信➕，评论不回复,2024-10-08,images_keyword/6704c211000000001b020371.jpg,avatars_keyword/6704c211000000001b020371.jpg,15,144,52,7,N/A,/user/profile/59ea830811be100e7374a013?channel_type=web_search_result_notes&parent_page_channel_type=web_profile_board&xsec_token=AB2t-59yfyweP9rJUk_JxtCEfcXvB5HVrv_Ort-1Ms4A0=&xsec_source=pc_search,/search_result/6704c211000000001b020371?xsec_token=ABcDr8pSgDJ6_CWdmNAM-8ftiAjUjSq6Uzew5kqTHVIEk=&xsec_source=
662886420000000004019757,奔跑的糯米团子,126,共 9 条评论,速来围观！实力过人的新品精华尖子生总结,还不知道怎么选精华的姐妹看过来！ 换季精华可不能乱买，不要哪个风大就买哪个，搞不好会冒痘、敏感的风险，就相当于无效护肤了，而且夏天马上也要来了，精华也该换一换了，宝子们可以根据自己的皮肤状态来选 分享几个我用了很久的精华，都是靠实力说话的: ——珀莱雅双抗精华: 能很好的把抗糖抗氧结合起来，皮肤粗糙暗沉出油多的人可以试试，挤出来是淡橘色的清透质地，淡淡的橘子香橙味太好闻了 ——雅妃德精华: 性价比很高的抗初老精华，淡黄色的乳液质地上脸偏水润，含有精粹成分可以有效抗氧化，直达肌底修护肌肤，帮助胶原蛋白生成紧致淡纹，长期用下来皮肤变得紧致透亮 ——兰蔻小黑瓶精华: 保湿、抗氧、修护同时抓，酵母益生元修护力拉满养厚屏障，蛋清质地很清透，用着清爽好吸收，可以一点一点去修护肌底 ——娇兰复原蜜精华: 化妆卡粉起皮啥的都能用它改善，用之前先摇匀再滴在手心揉开，上脸后即时滋润的效果非常好，吸收后皮肤好像自带通透的光泽感 ——oprlar祛痘精华: 反复长痘的姐妹可以用这个精华，含有多种植萃成分，从源头直接直击痘痘，清爽的乳液质地流动性很好，上脸一抹化水，能够很好的调节水油平衡，控油祛痘的同时还能改善红痘印 ——雅诗兰黛小棕瓶: 属于一瓶夜间修护的精华，黄褐色的质地上脸特别莹润，不管是动态纹还是干纹细纹，都可以轻松的改善，就像是肌肤纹路都被撑开了 ——赫莲娜绿宝瓶精华: 主打海茴香提取物和依克多因，能够改善痘痘泛红，让脆弱的肌肤快速重回健康状态，质地滋润涂在脸上很有透气性 #精华#精华液#精华分享#好用的精华#蜡黄暗沉#黄黑皮#去黄提亮#控油#祛痘#干皮精华#油皮精华#敏感肌精华#控油精华#祛痘精华#修护精华#抗老精华#平价精华#学生党精华#抗初老#敏感肌#油痘肌#热门精华#新品精华#提亮精华#夏天精华#护肤#缩毛孔精华#痘痘肌#如何拯救痘痘肌#护肤#我的护肤日常,2024-04-24,images_keyword/662886420000000004019757.jpg,avatars_keyword/662886420000000004019757.jpg,1,8489,161,8,N/A,/user/profile/659e5355000000002200b51f?channel_type=web_search_result_notes&parent_page_channel_type=web_profile_board&xsec_token=ABR6tXzBoZMwujl6s2iG0FtiQsl1Do5ZcH9wL7-IrdedI=&xsec_source=pc_search,/search_result/662886420000000004019757?xsec_token=ABI_PEunBC6DqH6MzGD0qnKHm4mbHws_ZfhqS4Dxn5sSg=&xsec_source=
66bc87bf0000000005020271,西西今天在干嘛,122,共 24 条评论,干皮一定要试试这5️⃣个精华❗️无限回购❗️,用过才敢说真话，功效类的产品真的要选有用的，要不然真的血亏，一瓶几百用完没效果真的很亏，下面这几款是我这几年用过的贵价产品，这几个是用下来还不错的，真实个人感受分享给大家。 	 1️⃣雅诗兰黛:入门级的精华，它主要针对的还是干敏皮，虽然它主打抗老但是用了很久，我觉得抗老上无功无过，修护反倒是还行，换季皮肤不稳定我才会用它。 2️⃣天露芬：这个油我觉得干皮可以入了，天然有机植物油，但上脸可轻薄也吸收很快，产后我一直用它，脸上的小干纹和细纹少了很多，抗老我觉得它是有效的。 3️⃣娇兰复原蜜：水感质地，更适合混油皮，里面主要是蜂蜜提取物，滋润保湿不错，但对于干皮保湿不够，干皮还是用油比较保湿，效果我用下来，保湿不错，其他的没感觉。 4️⃣娇韵诗双萃: 水油质地，修护抗氧化都挺在线的，我用了一段时间确实皮肤亮了，我觉得不够保湿(我是干皮)，夏天用还可以，秋冬感觉会有点干。这个双管设计有点劝退我，里面管子的颜色和油的颜色太像了，每次看不清楚油用了多少，而且每次到最后都剩很多挤不出。 5️⃣娇韵诗兰花油：兰花油相较它家的双萃，我觉得这个好用一点，兰花油纯油质地我很喜欢，就是略微有一点点厚重，皮肤粗糙爆皮的时候用它会稳定不少，很沙漠大干皮秋冬用。 #天露芬赋活油#雅诗兰黛#娇韵诗#精华#精华油 #以油养肤#娇兰复原蜜#护肤#干皮,编辑于 2024-08-15,images_keyword/66bc87bf0000000005020271.jpg,avatars_keyword/66bc87bf0000000005020271.jpg,2,73.7万,8468,12,N/A,/user/profile/61ec38c8000000001000a831?channel_type=web_search_result_notes&parent_page_channel_type=web_profile_board&xsec_token=ABGS7fr1reRBorR93Ci3JnjScMQWkZp8xQBK9KWHkwJPI=&xsec_source=pc_search,/search_result/66bc87bf0000000005020271?xsec_token=AB7B8pmty7q-NsbAveJ0JPOHfQjrgKsU0gWV70x_BKguY=&xsec_source=
679dd21b000000001701e1f6,sl8Qe-孤枕难cnh,13,共 2 条评论,个顶个的绝！秋冬热门精华这样选不后悔,冬天冷风刮着，皮肤各种问题是不是都找上你了？！这种时候，大家是不是都在烦恼冬天护肤用什么？感觉我化妆水和乳液不太够，面霜用不对又容易闷痘，所以说，对于我们这种想要快速见效且持久见效的懒人来说，精华是最好的选择，既方便又好坚持的，功效性又立竿见影，平时早晚上脸一泵就完事了 但是，近些年大牌的不断更新加上国货的崛起，市面上各式各样的精华真的太多了，听很多朋友讲过不知该如何下手，作为一个皮肤好到被天天羡慕的小女娃，我这些年护肤也不是白做的，今天就给姐妹们分享几个我心目中的宝藏精华～ #PORCOPE淡斑精华液 作为一款主打淡斑提亮的精华，真的是少有的能温和祛斑的精华！添加的多种植物精粹复配传明酸绝对是淡斑抑斑的一把好手 #Bom茵陈蒿精华 脸上动不动就出油、毛孔粗大的姐妹赶快试试！添加的80%茵陈蒿精萃一口气解决出油再紧致毛孔，坚持用毛孔会细很对 #城野医生377精华 一款很火的主打去黄提亮的国货精华，偏浓稠的面霜质地，吸收很快，添加了高浓度W377复配VC，需要建立耐受 #兰蔻小黑瓶 一款主打维稳修护类的精华，适合皮肤泛红时用来急救，效果还不错，添加了高浓度二类酵母，坚持用皮肤会稳定一些 #CPB钻光精华 非常出名的贵妇日系精华，添加的赋活精萃，主打强韧细腻，坚持用可以改善皮肤粗糙和干燥导致的细纹等问题 #娇兰复原蜜精华 透明的啫喱质地，有满满的黄金微粒，添加黑蜂蜂浆可以滋润保湿肌肤，相比更适合干皮姐妹#淡斑精华液#精华#精华推荐#护肤干货#祛斑#PORCOPE焕亮美白祛斑精华液#祛斑有效的方法#毛孔粗大#抗老#美白#美白祛斑#黄褐斑#抗老精华 #收缩毛孔，上脸吸收快不黏腻,02-01 云南,images_keyword/679dd21b000000001701e1f6.jpg,avatars_keyword/679dd21b000000001701e1f6.jpg,赞,6124,1259,6,N/A,/user/profile/63b85668000000002702908a?channel_type=web_search_result_notes&parent_page_channel_type=web_profile_board&xsec_token=ABt0-iLcE7IMkol2ITgXE0sXq4UhURpAeHjyZ9VOPsbKQ=&xsec_source=pc_search,/search_result/679dd21b000000001701e1f6?xsec_token=ABPZAsduM6gHH2K7iJESjwINCnO9Ib-Kw2gkOPCXJACDU=&xsec_source=
678f3294000000001800b2f3,青提星座分享,21,共 1 条评论,个顶个的抗老精华!紧致好皮简直易如反掌,宝子们，精华选得好，护肤没烦恼！ 今天我要给大家分享几款我压箱底的宝藏精华 每一款都有自己的“看家本领” 无论是美白提亮、舒缓修护还是抗老紧致，它们都能轻松拿捏 不管你是熬夜党、暗沉肌，还是想要紧致肌肤的熟龄肌 - #LIYANG臻萃精华 谁懂这款精华的含金量啊？！淡纹紧致的效果是真的牛！富含虾青素和神经酰胺成分，可以补充胶原蛋白。坚持用了大半瓶左右，脸上细纹可见的淡化了不少，皮肤也光滑紧致了！垮脸党姐妹一定要试试！！ - #娇兰复原蜜精华 经典的轻盈水感油+，黄金微珠油感精华。吸收后润而不腻，混合黄金微珠一揉 就化开融入到精华里，皮肤滋润了不少。上妆前涂这个也可以补水效果，化妆都会变丝滑很多，不容易卡纹卡粉。 - #娇韵诗双萃精华 秋冬太适合用双萃精华了！又滋润又能提亮，尤其是我黄脸蛋都能给我救回来。水油分离的质地，黄金2:1配比，同时实现补水又补油。推开很轻薄一会就吸收啦！里面添加了21种天然植萃精华来抗老抗氧，主打一个温和高效敏肌姐妹也OK。 - #雅诗兰黛小棕瓶精华 蛋清质地，轻薄又水润！里面“律波肽”超绝，就是夜间修护的小能手！渗透肌底，重启细胞层面的修护信号，修正紊乱的细胞节奏，实现修护和抗老双管齐下，一瓶搞定两大难题！ #精华#抗老#OLAY#抗老精华推荐25岁以上#抗老精华推荐30岁以上#抗老精华推荐35岁以上#精华推荐30岁左右#油皮抗老精华#精华推荐20岁#抗初老精华#抗老精华#抗老精华排名#娇润诗双萃精华#娇韵诗双萃精华#可复美次抛精华#LIYANG为胡桃泽旗下品牌#珀莱雅双抗精华#抗老型精华必买#油皮抗老精华#抗老紧致精华#精华推荐#精华推荐学生#精华#精华液#怎么选精华#好用精华,01-21 广东,images_keyword/678f3294000000001800b2f3.jpg,avatars_keyword/678f3294000000001800b2f3.jpg,赞,9129,1956,6,N/A,/user/profile/632e3e70000000002303af8b?channel_type=web_search_result_notes&parent_page_channel_type=web_profile_board&xsec_token=AB3m3Lrn6MM4seDwzNdMvoXGjyDk9reT2HkdlPUGwgeUQ=&xsec_source=pc_search,/search_result/678f3294000000001800b2f3?xsec_token=AB5VPatuWq89orjHQQoaV-XhnWBS4ZJG34Z5VTQUW9O2I=&xsec_source=
677f7957000000000b0211c0,星妍美小妆,32,共 3 条评论,干皮公主们护肤组合推荐｜轻松拥有好肌肤,🎈20岁+——保湿+易熬夜 馥蕾诗红茶水 娇韵诗双萃精华 雅诗兰黛智妍面霜 🎈25岁+——K初老 海蓝之谜精粹水 娇兰双效精华 海蓝之谜经典面霜 🎈30岁+——提拉紧致抗老 兰蔻菁纯玫瑰水 香奈儿夜间精华 兰蔻菁纯面霜 🎈35岁+——修护抗老+加快代谢 赫莲娜小露珠 娇兰复原蜜 赫莲娜黑绷带 ﻿#干皮护肤碎碎念﻿ ﻿#干皮﻿ ﻿#沙漠大干皮﻿ ﻿#护肤分享﻿ ﻿#干皮水乳﻿ ﻿#干皮精华﻿ ﻿#干皮面霜﻿ ﻿#秋冬干皮救星﻿ ﻿#今年N个漂亮时刻﻿,01-09,images_keyword/677f7957000000000b0211c0.jpg,avatars_keyword/677f7957000000000b0211c0.jpg,赞,2807,761,21,N/A,/user/profile/63e484a6000000002702850b?channel_type=web_search_result_notes&parent_page_channel_type=web_profile_board&xsec_token=ABdqPdyP68GKcmzgwvChG49hqt8ejxFM_ansDF5OFHJR0=&xsec_source=pc_search,/search_result/677f7957000000000b0211c0?xsec_token=ABJq-xpsVMZrYZK2KhzL9ik1aY4ZmlrfSIcxeqq4MHDNA=&xsec_source=
67a5d9d40000000018010e7a,life知夏,1,0,不同肤质皮肤屏障受损护肤品选择！选对不选,姐妹们，想要正确护肤首先就是要让认清自己的肤质 搞错自己的肤质，再好的护肤品都白搭❌ 科学护肤，就要从认识自己的肤质开始 1⃣、油性肌：皮脂腺分泌旺盛，皮脂分泌过多使皮肤毛孔粗大 2⃣、干性肌：肌肤干燥起皮，尤以鼻子两颊部位明显，较易出现皱纹及色素沉着等老化现象。 3⃣、敏感肌：肌肤容易发红敏感，屏障受损。4、初老肌：皮肤胶原蛋白流失，肌肤出现细纹干纹，松垮！ ✅干皮用：科颜氏高保湿洗面奶、无印良品水乳、娇兰复原蜜、欧莱雅眼霜等！ 娇兰复原蜜：水感质地有黄金微粒，上脸后滋润度很好，还有很好的维稳保湿效果，可以妆前用，用完不卡粉还服帖，换季、皮肤干燥用它保湿肌肤。 ✅油皮用：雅妃德洗面奶、悦木之源水乳、水杨酸棉片、百植萃精华等 雅妃德洗面奶：按压透明液体质地，泡沫丰富绵密，深层清洁毛孔，控油清爽，能给卸掉淡妆和防晒，洗卸二合一清洁力强，洗完感觉毛孔都干干净净的。 ✅敏皮用：芙丽芳丝洗面奶、倩之密保湿修护水乳、资生堂红腰子精华、适乐肤C乳 倩之密保湿修护水乳：真空按压瓶设计，很好的保证了活性成分，主打保湿修护，滋润补水的一套水乳，水上脸清爽好吸收，湿敷能去红维稳肌肤，乳液轻盈滋润，保湿的同时强韧肌肤屏障 ✅初老肌用：cpb洗面奶、资生堂悦薇水乳、雅诗兰黛面霜、娇韵诗双萃精华 雅诗兰黛面霜：水润润的乳霜质地，轻薄好推开吸收快，保湿力是真不错，用着皮肤状态很稳定，长期用来皮肤变得饱满有弹性，纹路感自然也就弱化了 #不同肤质的护肤方法   #护肤   #肤质   #护肤品  #我的护肤日常   #好用的水乳   #洗面奶推荐   #日常护肤   #护肤干货,3 天前 安徽,images_keyword/67a5d9d40000000018010e7a.jpg,avatars_keyword/67a5d9d40000000018010e7a.jpg,1,9238,227,11,N/A,/user/profile/655eec5a000000000403bab1?channel_type=web_search_result_notes&parent_page_channel_type=web_profile_board&xsec_token=ABUQ8D0RYgTmXCq0d4Z3IY6HKe0kap8MIGvkFBXjlI06Y=&xsec_source=pc_search,/search_result/67a5d9d40000000018010e7a?xsec_token=ABf2tHOsKnJ3P7PvUxVjzA_dTIpVmCPSoZHK9HDw7zo4c=&xsec_source=
67a812cb000000001902f4b3,小苹果🍎,1,0,娇兰复原蜜用户感觉天塌了！保湿抗Lao,纽约法拉盛macy's终于有它的专柜了，以后购买很方便 Guerlain 娇兰复原蜜使用体验分享～ 复原蜜超爱❤️它的质地如图是这种油状的，但是流动性又特别好，含有这种黄金小颗粒。它的油性比娇韵诗双萃和娇兰双管要小，所以夏天用不会觉得太油，但是它又有一定的油性，夏天夜间护肤可以起到滋润皮肤的效果但又不会感觉油腻，特别完美。这些黄金小颗粒我没考证过成份，但它上脸之后轻轻搓一搓就消失了，应该是乳化掉了？ 总之它的保湿性和滋润度都很好，对于我一个30+的熟龄肌肤而言很合适。但冬天我会用油性更大的和滋润度更高的。 这款自带的滴管取用，用之前先晃晃瓶子，因为静置一会儿里面的黄金小颗粒会沉底，#复原蜜 让这些小颗粒均匀漂浮在液体中时滴管取小半管，如图三就是我一次的用量，可以完全覆盖全脸。直接涂上脸就好。我感觉50ml很耐用，这一瓶我用了快俩月了，还剩如图这么多，半瓶不到。我觉得这就是油性精华的好处，水润精华可能用好多都还觉得不够滋润。 它几乎没什么味道，上脸体验感肤感都很好。价格因为我买的一套所以单瓶也不清楚。这瓶我应该是会回购哒！#精华油 #精华推荐 #复原蜜 #娇兰 #秋冬以油养肤正当时,编辑于 2 天前 美国,images_keyword/67a812cb000000001902f4b3.jpg,avatars_keyword/67a812cb000000001902f4b3.jpg,1,79,5,7,N/A,/user/profile/66f0af36000000001d02114f?channel_type=web_search_result_notes&parent_page_channel_type=web_profile_board&xsec_token=ABXKOSxm9-h4-qsmGzSvgOMDx785xZ4jmnvYB3TghzRQQ=&xsec_source=pc_search,/search_result/67a812cb000000001902f4b3?xsec_token=ABoSAdBW_-Y6X_XjU9VWpv9j-hn5NwH6Z4U6Au1aGiLa4=&xsec_source=
67454708000000000202d7b7,桂邕美护,13,0,贵妃都在用的娇兰复原蜜,开始入秋，皮肤容易变干 用上复原蜜就安心了 味道也是我喜欢的 每次用完第二天皮肤QQ弹弹 肤色也提亮了不少，而且也是亢老中的的一名大将 精华油质地里面有一粒粒的黄金颗粒 用之前需要摇一摇在掌心乳化再上脸 这样更容易被吸收 用下来对干皮很友好 #当然要记录啊 #复原蜜 #秋冬以油养肤正当时 #焕发肌肤光彩 #以油养肤润泽美肌 #肌肤焕发活力 #泵头 #肌肤焕发自然光彩 #化妆品泵头 #热词发布商品笔记,2024-11-25,images_keyword/67454708000000000202d7b7.jpg,avatars_keyword/67454708000000000202d7b7.jpg,13,2017,543,21,N/A,/user/profile/66be0162000000000d025e36?channel_type=web_search_result_notes&parent_page_channel_type=web_profile_board&xsec_token=ABSb_EFh8i2dw7yWydu-9Fq3SV42rfdsBG_q2D75M1VUw=&xsec_source=pc_search,/search_result/67454708000000000202d7b7?xsec_token=ABFZ1e23JjiL_O5_k7VyxmvkUWDNSO3LQ3Iz5_U98HRBY=&xsec_source=
66fd5888000000001a022688,👑 梁大宝🐝,39,共 239 条评论,娇兰复原蜜,终于用完了超级沙漠干皮都用不了。 不是说它油，是无比的黏，黏到什么程度，就是一整个猪刚鬣刚洗好头吹干，两侧的头发都黏在脸颊上但是你第二天洗完脸，脸也不会干，比较保湿，皮肤其实持续用会好。 但是这是我永不回购系列受不了这种黏,2024-10-02,images_keyword/66fd5888000000001a022688.jpg,avatars_keyword/66fd5888000000001a022688.jpg,13,366,84,21,N/A,/user/profile/62cfc83300000000020009be?channel_type=web_search_result_notes&parent_page_channel_type=web_profile_board&xsec_token=AB5u5mlipyplTSbHp6eY0XndfjUssIUZZepJq4GBfSDaE=&xsec_source=pc_search,/search_result/66fd5888000000001a022688?xsec_token=ABQFX-xCi27OZYpfgpPPdEBx8MrBqg_sKzHoaNEGI6Ihs=&xsec_source=
673dfeb90000000007028ebf,艳~远行,13,共 16 条评论,啊啊啊，人生第二次严重过敏,第一次是生日同事送的面膜，用了整个脸全部长满的痘，然后变黑。。。。 这一次想着要对自己好一点，有空去看看李佳琦小课堂，来个人告诉我娇兰复原蜜需要建立耐受吗？晚上只用了他家水没事，然后复原蜜刚上脸，痛、痒、泛红、起痘，快速洗了还是痛痒！ 啊，我现在该怎么办？刚刚用可复美胶原棒搽了，缓解了一些，还应该用点啥😭 #皮肤过敏急救 #娇兰复原蜜,2024-11-20,images_keyword/673dfeb90000000007028ebf.jpg,avatars_keyword/673dfeb90000000007028ebf.jpg,赞,1092,103,21,N/A,/user/profile/5d82e7c90000000001009646?channel_type=web_search_result_notes&parent_page_channel_type=web_profile_board&xsec_token=ABftIBW0Ov-M97fJIDtHpwpIQIwcuPXAlY0TtttjNorRQ=&xsec_source=pc_search,/search_result/673dfeb90000000007028ebf?xsec_token=ABGCZDVK2Vshcv6vcdCfrq4cGqpKrcEQOW5kfsa6HXL_w=&xsec_source=
67a5a652000000002902d818,实用主义困学长（种草版）,541,共 41 条评论,太好了是新版复原蜜！我们有救了,娇兰复原蜜一直是我的爱用精华 修护抗老就是天花板的程度 这次升级第四代，让我惊喜的不行 强烈推荐给所有姐妹们 - 娇兰的科学家发现复原蜜一直以来引以为傲的黑蜂蜂蜜对修护信号细胞的激活与修复有巨大作用 本次复原蜜4.0更是将所有的蜂蜜成分都升级为黑蜂成分 三大黑蜂蜂蜜搭配上品蜂王浆 三大黑蜂蜂蜜分别来自三大原生岛屿： 爱尔兰康尼玛拉、法国乌埃尚岛、挪威绰斯特德。 其中爱尔兰黑蜂蜂蜜、乌埃尚岛黑蜂蜂蜜有效提升作用于表皮层的透明质酸、角质蛋白， 挪威黑蜂蜂蜜则有效提升作用于真皮层的弹性蛋白， 三大黑蜂蜂蜜强强联合可使修护信号细胞的活力提升339% 修护信号细胞，它是细胞修护指挥家，通过移动到需要修护的区域，释放信号来促进肌肤自我修护。 高效精准抗老，持续滋养！ 就像是定制的营养剂，将营养直充肌底 值得一提的是，这次的成分做到了99%天然成分提取 所有肤质的姐妹都可以用 质地相对之前版本来讲也更加轻薄～吸收更快，修护更深，抗老更强 - 听我说谢谢你复原蜜，沙漠干皮的我现在脸一掐就是要嫩出水的状态 功效齐活，专业抗老！什么纹路全部ko！ 包括后续擦面霜也可以加进去，滋润加倍 一天下来皮肤状态超级稳定 包括化妆的时候也可以在粉底液里来上几滴，妆前打底也毫无压力 用之前需要摇一摇～让里面的黄金微粒都均匀分布 肤感超级赞～ 	 感谢品牌方赞助以及小红书提供的分享平台 #娇兰第四代复原蜜#娇兰复原蜜#黄金复原蜜#三重黑蜂蜂蜜#修护信号细胞#修纹#抗老#熬夜#加班#易吸收#抗老神器,3 天前 上海,images_keyword/67a5a652000000002902d818.jpg,avatars_keyword/67a5a652000000002902d818.jpg,赞,43万,9.5万,21,N/A,/user/profile/60f97542000000000100a532?channel_type=web_search_result_notes&parent_page_channel_type=web_profile_board&xsec_token=ABvaxV5MM6Wsgn3THj7mdD4jxH_0GJXk2jCAzJGmfHzAU=&xsec_source=pc_search,/search_result/67a5a652000000002902d818?xsec_token=ABf2tHOsKnJ3P7PvUxVjzA_UfmuCOvtkyERWPNOsT0bF8=&xsec_source=
66435084000000001e023381,护肤界老炮（成分版）,1048,共 88 条评论,我心中开天辟地级的技术流修护王！618得囤！,准备618大买一场的姐妹先停一下！听我一句劝，美白类的猛料不用囤，夏天长期呆在空调房里，干皮干燥缺水更容易干老，把滋润的先安排够才是正事！并且日晒多皮肤容易应激，晒后修护得管够！想要修护的又快又稳，还是要优先考虑娇兰这种修护科技玩的贼6的技术流大牌 	 像娇兰复原蜜掐指一算我都回购了7年，尤其换季皮肤拔干起皮，爆发干纹细纹，粉底卡粉能卡出马里亚纳海沟，全靠复原蜜救我狗命 - 蜂蜜自古以来就是天然修护剂，以前战争中为受伤的士兵用来包扎治愈伤口的也是蜂蜜。虽然市面上用蜂蜜成分的产品不少，但做蜂蜜和蜂王浆还得看专研十几年的娇兰大厂配方，复原蜜更是娇兰研发多年的心血结晶！之所以修护能这么快稳准，还得是配方牛啵 	 复原蜜的灵魂成分含有4种原生纯净岛屿优质蜂蜜，配合上品蜂王浆，富含多酚、丰富矿物质、氨基酸和微量元素，给皮肤直补营养，焕活肌肤的自我修护力，再加上王牌科技升级黑蜂修护科技，加强细胞间3倍联结力，给皮肤发射促生胶原蛋白和加速修护的信号，活跃细胞增加活力，让皮肤自发主动去修护抗老，从而实现根源抗衰。增强皮肤自身的抵御力 - 平时护肤我会把它当肌底精华在洗完脸后直接用，每次轻轻摇匀瓶中的黄金微粒，滴3滴在掌心搓热让黄金微粒化开再按压上脸，质地轻盈如水，但又滋养如蜜，上脸肤感细腻，很亲肤，嗖嗖就被皮肤吃进去了！用下来皮肤稳定了很多，没再随意闹情绪，并且肉眼可见弹润透亮了不少 	 换季皮肤干的紧绷时，可以滴在面霜里混合上脸，滋润度修护力双双翻倍！还能滴在粉底液里混合，滋润度拉满，告别卡粉！一蜜多用，一分钱掰好几份花，好值！而且今年618大促的折扣机制很优惠，诚意拉满！不得不说，娇兰你不只懂修护，还很懂女生想要的618！不多囤几瓶真的对不起自己！！ #修护精华 #干皮精华 #精华分享 #618小红书买买节 #成分党 #以油养肤 #娇兰复原蜜 #干皮 #修护 #精华 #618大促,编辑于 2024-05-14,images_keyword/66435084000000001e023381.jpg,avatars_keyword/66435084000000001e023381.jpg,4,175.7万,14.5万,21,N/A,/user/profile/604d7f120000000001008f4b?channel_type=web_search_result_notes&parent_page_channel_type=web_profile_board&xsec_token=ABSqycZPO4-MMCynuMLP2vwOqFd_a6IIrYOD527VBIIIE=&xsec_source=pc_search,/search_result/66435084000000001e023381?xsec_token=ABUTe6dmkSra1W-hGL2TIgLugN3FdkwJQVfYNdeQObJls=&xsec_source=
67a42a2b000000002902f684,王霸吃秤砣,207,共 26 条评论,娇兰，你这个赛季简直强的可怕！,原本以为第三代的娇兰复原蜜已经是天花板了，没想到居然新出了第四代！！而且打出的slogan是吸收更快，修护更深，抗老更强。 据说整体的抗老修护效果比三代还要强好几个档次，娇兰你到底要干啥？！ 全新升级的第四代娇兰复原蜜，从原本的一种黑蜂蜂蜜直接升级到了三种高纯黑蜂蜂蜜。三大黑蜂蜂蜜分别来自三大原生岛屿：爱尔兰海岸线康尼马拉、法国乌埃尚岛、挪威特罗格斯塔德。 其中爱尔兰黑蜂蜂蜜、乌埃尚岛黑蜂蜂蜜有效提升作用于表皮层的透明质酸、角质蛋白，挪威黑蜂蜂蜜则有效提升作用于真皮层的弹性蛋白，三大黑蜂蜂蜜强强联合可使修护信号细胞的活力提升339% 这种蜂王浆以增强集体的自然防御力和强化肌肤而闻名，是滋养肌肤的珍贵成分，也是最有效的天然“修护剂”之一。 和三代相比，效果更好，使用率也更高，一滴就能强韧屏障，且更加轻薄，渗透能力也更强，更能帮助皮肤吸收，直达肌底。 不管是修护还是抗老，四代复原蜜都做到了顶级，而且是全肤质都适用，不管你是干皮油皮混油皮，用这一个就能统统搞定。 上脸一滴，肌肤就像是被上了一层保护罩！ 上脸一小时，感觉补水效果直达肌底，，干纹都改善很多，真是“皮都展开了” 坚持用一个月之后的效果真的不亚于去do了1️⃣美，皮肤白净就不说了，还显得更加自然透亮，而且皮肤也比之前细嫩光滑，整个人都显得更加年轻了。娇兰你再这样我真的要离不开你了！！！ 感谢品牌方赞助以及小红书提供的分享平台！ 	 #娇兰第四代复原蜜 #奢华护肤 #肌肤修护 #提亮紧致#99%天然成分 #三大黑蜂蜂蜜 #上品蜂王浆,5 天前 上海,images_keyword/67a42a2b000000002902f684.jpg,avatars_keyword/67a42a2b000000002902f684.jpg,赞,13.6万,3万,21,N/A,/user/profile/5cefc7dd00000000120090a3?channel_type=web_search_result_notes&parent_page_channel_type=web_profile_board&xsec_token=ABysNdSZu_t6nt9RoBcX3A7rwbr8cdiLDpg2Cq7zORb-E=&xsec_source=pc_search,/search_result/67a42a2b000000002902f684?xsec_token=ABaxDruFv78U659DRmY4V6irPEGVRRmaQ4ssiIb44_n-Q=&xsec_source=
67832338000000000b02061e,焕颜HY,22,共 2 条评论,N/A,夜皇后精华叠加出奇迹！搭配选对直接升舱！！ YSL夜皇后精华的大名都有听过吧？夜猫党直接锁死🤣 去黄提亮效果有多顶不用我多说！ 现在升级到第2代之后，功效更是猛到原地飞升，在我这儿直接封神！ 给暗沉粗糙黄气按下关闭键！谁还能比它更牛？！ - 第2代夜皇后精华把仙人掌花精萃浓度提升20倍，抗氧力直接飙升近3倍👏 去黄提亮的能力就好像一脚油门踩到底，闭眼黄睁眼亮不是随便说说的🐂 - 但功效飞驰的同时，也不忘兼顾温和度❤️ 升级了3.4%微分子复合酸，并添加了红没药醇来做修护 真正做到温和焕肤，不过度剥脱 - 单用一次我就能感受到那种透亮细腻的感觉！绝了！ 还有一些混搭思路！效果直接原地升舱！1+1&gt;2 真不夸张啊！ 一点儿不藏着掖着赶紧拿出来给姐妹们分享！看到就是赚到！ - 1️⃣提亮滋润用👉第2代YSL夜皇后精华+娇兰复原蜜 2️⃣去黄维稳用👉第2代YSL夜皇后精华+兰蔻小黑瓶 3️⃣抗氧嫩肤用👉第2代YSL夜皇后精华+小棕瓶精华 4️⃣匀亮肤色用👉第2代YSL夜皇后精华+修丽可色修精华 我现在就是一整个离不开它们！ 想要护肤超车真的可以试试这些搭配！ 姐妹们还有什么封神搭配快来分享！ 祝大家新的一年熬夜不暗沉不垮脸！脸蛋嫩到飞起！ #熬夜精华 #抗氧化提亮 #精华推荐 #提亮抗氧化 #肌致发光计划 #抗氧化精华 #精华 #平价精华 #抗初老精华 #大牌护肤,01-11,images_keyword/67832338000000000b02061e.jpg,avatars_keyword/67832338000000000b02061e.jpg,赞,47,26,6,N/A,/user/profile/5f1c2259000000000100aefe?channel_type=web_search_result_notes&parent_page_channel_type=web_profile_board&xsec_token=AB0ELStcsA4HcgHtkTske-wKaBZCf5KwWpMdkABVEgNeM=&xsec_source=pc_search,/search_result/67832338000000000b02061e?xsec_token=AB-YWSWAWogBdBiPrTi8QuSdHDWiYH4P57DP-0Q3EmmH4=&xsec_source=
66ab4f360000000009017fbd,Vic-,430,共 15 条评论,真实测评！劝大家买抗初老精华液一定要冷静！,还在犹豫买什么精华液的姐妹看过来！奉劝大家千万别盲目跟风！不同肤质对精华液的需求是不一样的，我把自己在用的精华液整理了一下，不知道怎么选的可以看看有没有适合自己的～ 🍃佑希集aron双萃精华液 功效：去黄提亮、抗初老✔ 里面有光果甘草和玻色因，用下来以后脸真的亮，每次熬夜通宵的底气都是它给的，什么黄气暗沉全都烟消云散，用完以后皮肤有种被提拉的感觉，脸蛋嫩嫩的～ 🍃科颜氏淡斑精华 功效：有效淡斑✔ 透明VC质地不用避光保存，成分比较温和，用来淡化痘印效果很不错👍 🍃倩碧镭射精华 功效：改善泛红✔ 脸上斑点痘印多点可以用它，乳液质地，涂完皮肤是哑光质感，油皮用起来也很不错 🍃娇兰复原蜜精华 功效：滋润保湿✔ 滋润很在线，水感质地上脸很好推开，润而不油的质地，含有蜂王浆的成分，秋冬干燥起皮的可以试试 🍃珀莱雅双抗精华 功效：保湿滋润✔ 我一般是用它叠涂护肤，含有烟酰胺等成分，需要避光使用，我一般搭配面霜一起用，可以改善肌肤细纹～ #精华液#精华推荐25岁以上#精华水#精华#精华推荐#精华液推荐#精华推荐25岁左右#精华抗初老#抗初老精华液#暗沉#粗糙#垮脸#提亮精华,编辑于 2024-09-22,images_keyword/66ab4f360000000009017fbd.jpg,avatars_keyword/66ab4f360000000009017fbd.jpg,5,6.9万,2335,21,N/A,/user/profile/60216d620000000001009e01?channel_type=web_search_result_notes&parent_page_channel_type=web_profile_board&xsec_token=ABpNYuo43ZNDySPnn-v6d1UKLxj_bQbA1hJly2mYGlgQI=&xsec_source=pc_search,/search_result/66ab4f360000000009017fbd?xsec_token=AB4fNSULYHNuMrvADGEyiYPp_Fm8K6GaaiFh8Lsi4ql8E=&xsec_source=
6780cf62000000002001f3ad,逃窜的土豆百货,5,0,一定要看完：一篇教你解决99%满脸长斑的小技,一到秋冬季节，皮肤就容易出现各种问题的姐妹，是不是还在纠结入手哪一款精华？ 快来认真看看，一片帮你直接选对精华液不出错！ —— 【长斑】 1.特征：脸颊，额头、下巴出现大小不一，深浅不一，多呈现褐色的斑点 2.原因和建议：一般由于防晒做的不到位，加上熬夜、内分泌失调造成。选择具有淡化和抑制黑色素功效的精华液。 【毛孔】 1.特征：出油多，油脂分泌旺盛一般呈现为鼻翼和脸颊两侧毛孔粗大 2.原因和建议：一般多发生在油皮、混油皮，由于油脂分泌过多导致水油不平衡。选择控油和紧致毛孔类型的精华液。 【泛红】 1.特征：过敏、泛红，可能发生在全脸，一般多出现在两颊两侧 2.原因和建议：一般由于换季导致皮肤买了屏障受损，尤其是敏感肌的姐妹。一定要选择具有修护肌肤屏障，褪红维稳效果的精华液。 【干燥】 1.特征：干燥、起皮、卡粉，一般出现在脸颊两侧，严重的还会导致细纹干纹，垮脸的症状 2.原因和建议：一般由于皮肤严重缺水、缺油导致，尤其是干皮姐妹。选择滋润保湿为主，舒缓修复为辅的精华液 #PORCOPE淡斑精华液 - 淡斑提亮 #Bom茵陈蒿精华 - 收缩毛孔 #修丽可色修精华 - 舒缓褪红 #娇兰复原蜜精华 - 滋养修护 #淡斑精华液#精华#精华推荐#护肤干货#祛斑#PORCOPE焕亮美白祛斑精华液#祛斑有效的方 法#毛孔粗大#抗老#美白#美白祛斑#黄褐斑#抗老精华#收缩毛孔,01-10,images_keyword/6780cf62000000002001f3ad.jpg,avatars_keyword/6780cf62000000002001f3ad.jpg,5,28,1,3,N/A,/user/profile/66deb5a0000000001d03199d?channel_type=web_search_result_notes&parent_page_channel_type=web_profile_board&xsec_token=ABHMefh9r48IiEbNVra69gmcKly4zyXHpEf7AQ4jxd08A=&xsec_source=pc_search,/search_result/6780cf62000000002001f3ad?xsec_token=ABBXPfRyNvAq4NvN2lOyHXhMdtYBiwfO6Rjv2a6Y2EHJ0=&xsec_source=
66f8bf2b000000001902cc00,有点子好运,3,0,穷鬼直接冲！新品抗初老精华千万别踩坑！,熬夜真是谁知道，代谢缓慢导致脸蛋暗沉、毛孔粗大、长纹不说还会被氧化的像黄脸婆既然不舍得睡，那能拿捏好肌肤熬夜精华 一定要安排上，总结了这几款我手头上使用感不错的，是我觉得后续用完还会回购的超绝精华 姐妹们可以按需种草！不踩雷👏 #佑希集双萃精华 我最爱的一款精华！ 抗初老的效果简直牛了！ 成分中添加光果甘草和玻色因 坚持用了一个月后 皮肤不仅变得紧致透亮了 连一些细纹都被淡下去了 我真的会无限回购的一款 #娇兰复原蜜精华 质地挺水润的一款 上脸肤感还挺滋润 涂开吸收速度比较快 坚持用了一段时间后 皮肤明显滋润了一些 皮肤看上去还挺有光泽的 #城野医生377精华 它的质地是乳霜质地 上脸之前最好乳化一下 会更好地促进吸收 秋冬季涂它也完全不会拔干 #修丽可色修精华 祛痘印真真真没平替 水状质地肤感清爽 无油配方，上脸清爽还有保湿感 不油腻不闷皮肤 绿色植物提取油、橄榄叶、桑根 帮助皮肤快速舒缓修红 #抗初老精华#精华推荐#精华液推荐25以上#精华抗初老#好用精华#精华#怎么选精华#精简护肤#抗皱精华#抗初老#垮脸#垮脸必备#精华液推荐平价#精华,2024-10-01,images_keyword/66f8bf2b000000001902cc00.jpg,avatars_keyword/66f8bf2b000000001902cc00.jpg,3,2430,244,21,N/A,/user/profile/668d0c7b000000000b030b67?channel_type=web_search_result_notes&parent_page_channel_type=web_profile_board&xsec_token=AB1tTRN0UN0gU2NqdYTfpTAhVmQPVQgxo58siovbjkozU=&xsec_source=pc_search,/search_result/66f8bf2b000000001902cc00?xsec_token=ABGRgIB-7-n-K8rJKyNl3eD3UjFpb0ddWjAbr5BgMK_K0=&xsec_source=
671f407a000000002401719e,Crystal 蔓,13,共 8 条评论,娇兰复原蜜真的很考验人的动手能力,每次用前摇一摇， 总担心金黄颗粒分部不均， 每次用2-3滴，可能一颗金黄颗粒都出不来。 看不见黄金颗粒会焦虑，担心没效果。 质地清透似水……好像到手掌已经吸收了， 一不小心就滴多了会油，总之很尬的感觉。 网上很多描述它无用鸡肋的评价，但不影响每年直播都火热促销。 #娇兰 #娇兰复原蜜 #我的护肤日常,2024-10-28,images_keyword/671f407a000000002401719e.jpg,avatars_keyword/671f407a000000002401719e.jpg,2,2808,116,21,N/A,/user/profile/5c1fa54f000000000600365c?channel_type=web_search_result_notes&parent_page_channel_type=web_profile_board&xsec_token=ABPcMmYBgLfU7CgLiNLBCXMVVOCKrwj-Yk4hlgBQLQj3Q=&xsec_source=pc_search,/search_result/671f407a000000002401719e?xsec_token=ABN-deT_NSW6qbk2S61WV6OTQCjtoPs2RVLSYEUTWEgYc=&xsec_source=
66ac86dd000000000600cc9e,小鸟偷吃橙子,364,共 17 条评论,怒花10W总结！新品抗老精华选对才是王道,抗初老/抗老精华/抗老精华推荐/皱纹/细纹/法令纹/精华推荐/淡纹精华/抗皱精华/抗氧化精华 真心建议25+姐妹去买抗老精华！ 一到25+脸部就会加速衰老，像细纹、法令纹等问题，就会找上门来了！不想变老的姐妹们，一定要早早使用抗老精华！ 下面都是我总结了一些好用的抗老精华，想买抗老精华的姐妹快来看看！ #LIYANG臻萃精华 （抗老紧致） 🍃成分：虾青素、神经酰胺 抗老去法令纹我只认准它！肤感虾青素+神经酰胺肤感清爽上脸好吸收，紧致淡纹的效果也超迅速！才用了一个月左右的时间，法令纹肉眼可见的淡了不少，25+想抗初老的姐妹快冲! #胡桃泽精华 （舒缓保湿） 🍃成分：白池花提取物 补水保湿很好，坚持用的话还有增强屏障的效果，可以修护脸部晒红敏感，坚持用脸颊两侧的泛红会变浅一些。 #娇兰复原蜜精华 （滋润紧致） 🍃成分：蜂皇浆提取 水感的质地上脸很好推开，润而不油的质地，里面添加了蜂皇浆成分，滋润保湿效果不错，用完以后皮肤滑溜溜的。 #欧莱雅黑精华 （修护肌底） 🍃成分：能量素22 蛋清一样的质地推开润润的，上脸滴一泵就够了，上脸也不会粘腻，不会给皮肤带来负担，促进细胞新生，可以很好的修护皮肤。 #珀莱雅双抗精华 （抗氧抗🍬） 🍃成分：麦角硫因 这款精华的质地很清爽，激活双抗后再使用，富含麦角硫因，能够激活皮肤的抗氧能力，上脸会有即时的提亮效果。 #娇韵诗双萃精华 （改善暗沉） 🍃成分：姜黄酮、雪绒花 2：1黄金水油比例，水油同补上大分，高浓度姜黄酮+雪绒花，抗氧修护都在线，油皮或者夏天用，可以试试轻感双萃，质地更轻盈一些 #抗初老#抗老精华#抗老精华推荐#抗老型精华必买#油皮抗老精华#抗老紧致精华#精华推荐#精华推荐学生#精华#精华液#怎么选精华#精简护肤#好用精华#干皮#油皮#国货护肤品推荐#真实测评#好用的精华推荐#精华推荐25岁以上#精华推荐30岁以上#精华推荐35岁以上#精华推荐30岁左右#精华推荐20-25岁 #抗初老精华#抗皱精华,2024-08-02,images_keyword/66ac86dd000000000600cc9e.jpg,avatars_keyword/66ac86dd000000000600cc9e.jpg,1,14.2万,1978,21,N/A,/user/profile/610564300000000001009a3e?channel_type=web_search_result_notes&parent_page_channel_type=web_profile_board&xsec_token=ABnwN21PtTZNx0qcQp2IcjhebNV-dIGd4h0qK2YEcoJQo=&xsec_source=pc_search,/search_result/66ac86dd000000000600cc9e?xsec_token=ABWjwgFDfJITZ8kWCdE7jgCCLXqI5BgSWpRsnHCfVwqbk=&xsec_source=
675d4c7200000000070097be,Goi,14,共 15 条评论,复原蜜真假对比,左边真，右边假。味道不一样，质地不一样，滋润度不一样，真货晶莹剔透，假货混浊。真货瓶身亮，假货瓶身暗黄。#复原蜜 #娇兰复原蜜真假对比,2024-12-14,images_keyword/675d4c7200000000070097be.jpg,avatars_keyword/675d4c7200000000070097be.jpg,赞,2831,154,21,N/A,/user/profile/5aa79fd84eacab7b15625938?channel_type=web_search_result_notes&parent_page_channel_type=web_profile_board&xsec_token=ABA5IjdwQy0xN-TviBpeSxgdyNYeee9UuOoZvbjD3VG6E=&xsec_source=pc_search,/search_result/675d4c7200000000070097be?xsec_token=ABmH2KY9CcQbQOz0GLinQ3SqZ42O8s_Y5IdBfXxlNavew=&xsec_source=
67a5b92f000000002602d6b0,Linger,16,共 3 条评论,全网最好用的4瓶精华油！干糙皮进,今年28岁，真的用过很多瓶精华，皮肤也慢慢从干糙变的细腻了很多，相比同龄人脸上干纹细纹确实不多，用下来我感觉zui重要是找到适合自己的精华，比如我这种脆弱型干皮天露芬修护油是更好的选择，一边滋润一边修护屏障，如果是油皮的话就适合精华液，娇韵诗双萃保湿这块不错。 - 1.天露芬修护油：脆弱型干皮必备，什么粗糙呀干痒啊，一瓶修护油就解决了，还能养厚屏障，算是我最爱的一瓶油。 2.娇兰复原蜜：上脸挺润的，里面的小颗粒很轻松就能揉开，和我想象中不太一样。 3.娇韵诗双萃：很经典的一款油，感觉不需要多说，每次两泵很润，睡醒脸嫩嫩的。 4.海蓝之谜能量油：润还能抗老，价格略贵比较适合熟龄肌。 #干皮#干皮精华#天露芬精华油#天露芬修护油#天露芬#娇兰复原蜜#娇韵诗双萃#海蓝之谜能量油#精华,3 天前 北京,images_keyword/67a5b92f000000002602d6b0.jpg,avatars_keyword/67a5b92f000000002602d6b0.jpg,1,38.3万,1.7万,8,N/A,/user/profile/5adfefd4e8ac2b3a3bd6f754?channel_type=web_search_result_notes&parent_page_channel_type=web_profile_board&xsec_token=ABOxaApcr80mWI3fHxbjouHdOKcnnXTAEI5gLm42Yp2LA=&xsec_source=pc_search,/search_result/67a5b92f000000002602d6b0?xsec_token=ABf2tHOsKnJ3P7PvUxVjzA_eNNlOamp0aGPsOzi9CzwTk=&xsec_source=
67a68ebf000000002901b1d6,🙈王哪跑,赞,0,🐝娇兰套盒限时折扣啦,娇兰蜂王浆套盒🐝 175ml帝皇洁面➕30ml复原蜜➕30ml双效精华 原价$350 套盒价$250 但是现在 限时折上折只要$195❗️❗️❗️ 还可叠加🈵$100返$10 和新卡用户30%活动 什么神仙折扣❗️❗️❗️ 有需要私,3 天前 美国,images_keyword/67a68ebf000000002901b1d6.jpg,avatars_keyword/67a68ebf000000002901b1d6.jpg,点赞,253,113,7,N/A,/user/profile/55838e77b7ba224e92a772ca?channel_type=web_search_result_notes&parent_page_channel_type=web_profile_board&xsec_token=ABxzASNK2_wKZpy_wK1Yp4cbJ4Aq_q8q1s6ya9VbDArXY=&xsec_source=pc_search,/search_result/67a68ebf000000002901b1d6?xsec_token=ABMs-0Ya3n0_NeeNErQ7V7vRM6Nf7zND9dpe7MXwO3m1Q=&xsec_source=
67a8cf16000000002a000d03,在美国shopping的喵喵（国现）,赞,0,娇兰复原蜜50ml全新,娇兰复原蜜50ml全新 （399）#复原蜜精华 #娇兰,1 天前 美国,images_keyword/67a8cf16000000002a000d03.jpg,avatars_keyword/67a8cf16000000002a000d03.jpg,点赞,787,140,21,N/A,/user/profile/6176794e000000000201e778?channel_type=web_search_result_notes&parent_page_channel_type=web_profile_board&xsec_token=ABeG3gj7IhlswpIJvRBBa7ORvRtWZ25acNrIvDt7sbp2o=&xsec_source=pc_search,/search_result/67a8cf16000000002a000d03?xsec_token=ABoSAdBW_-Y6X_XjU9VWpv9rUT4-WpvnKKXj_Xrx2voYA=&xsec_source=
